resample,fb_multiplier,greedy_net_r,f1_net_r,greedy_net_0,f1_net_0,nominal_gain_ils,honest_gain_ils,nominal_gain_pct,honest_gain_pct
0,1.0,18933781.062546995,19384253.86818888,18731562.6389236,19205546.18453544,450472.80564188585,473983.54561183974,2.3792015137059352,2.530400451625519
1,1.0,19302861.792274356,19717864.06199326,18751829.96650711,19187777.629360586,415002.26971890405,435947.66285347566,2.149952033977686,2.324827302893251
2,1.0,17760790.433163486,18260344.578933522,18400741.440447357,19013405.778356627,499554.1457700357,612664.3379092701,2.812679692663076,3.3295633216308866
3,1.0,18749121.64935219,19182053.915807243,18692860.322025422,19136263.218690563,432932.2664550543,443402.896665141,2.309080257474423,2.3720441335705496
4,1.0,18758668.893001825,19256357.130934034,18481039.201588787,19037963.968142662,497688.2379322089,556924.7665538751,2.6531106272571305,3.013492696373898
5,1.0,17371273.923317254,17900537.726177733,18262061.073908992,18963587.083828613,529263.8028604798,701526.009919621,3.046775988893108,3.8414394031454164
6,1.0,18299623.373045757,18786934.14920724,18593200.612038404,19140049.860376988,487310.7761614844,546849.2483385839,2.6629552216864956,2.9411248754263393
7,1.678,17365824.992050335,17813497.159068875,18423784.700939216,18996165.91365749,447672.1670185402,572381.2127182744,2.5778917340435825,3.10675152803482
8,1.0,18829297.4463899,19269773.798330437,18692860.322025422,19136263.218690563,440476.35194053873,443402.896665141,2.339313791152576,2.3720441335705496
9,1.0,18376481.94209269,18784488.76968336,18524078.81029297,19051146.005333602,408006.82759067044,527067.195040632,2.2202662559480473,2.845308532955308
10,1.0,18754236.9612122,19293162.80420173,18449224.85583575,19055155.215436872,538925.8429895304,605930.3596011214,2.873621806657051,3.2843133754178133
11,1.0,18093049.38876311,18670999.40107894,18373606.638315648,19060974.22871863,577950.0123158284,687367.5904029831,3.194320647103139,3.741059683783433
12,1.0,19339740.500769846,19819049.57298022,18758124.893902954,19200724.869389802,479309.0722103752,442599.9754868485,2.4783635136743207,2.359510761284615
13,1.0,18843274.11082323,19296356.81710715,18631935.47553662,19077647.03181012,453082.7062839195,445711.55627350137,2.4044797290491955,2.3921913902005096
14,1.0,17903950.607466575,18427889.235062495,18327983.114278972,18982370.447428886,523938.6275959201,654387.3331499137,2.9263855731227237,3.570427411841586
15,1.0,18104103.149537053,18616169.91779432,18399419.689052787,19011230.135505214,512066.7682572678,611810.4464524277,2.828456974795584,3.325161645268846
16,1.0,18376088.07227017,18836414.865765974,18648784.527416606,19158049.541452773,460326.7934958041,509265.0140361674,2.5050314935660603,2.73082148215863
17,1.0,18241892.619031467,18718838.87615136,18487702.32772415,19036860.2356711,476946.257119894,549157.907946948,2.614565643382331,2.970395662004093
18,1.0,18430117.65270421,18999591.536668044,18397223.606282506,19027825.651931487,569473.8839638345,630602.0456489809,3.0899091079881242,3.4277022399925348
19,1.0,18719008.335496593,19144121.830037557,18700558.322323795,19143961.218988936,425113.4945409633,443402.896665141,2.2710257238083846,2.3710676923256813
20,1.0,17201402.953776617,17683468.477689795,17996940.673340876,18672171.275630765,482065.5239131786,675230.602289889,2.8024779444361525,3.7519188096792346
21,1.0,18235041.664758667,18787642.15274451,18540228.12656796,19144437.381059483,552600.4879858419,604209.2544915229,3.030431726700172,3.258909493274773
22,1.0,18883995.28722076,19389079.14725195,18445983.511533696,19013940.961486686,505083.86003118753,567957.4499529898,2.6746663105396427,3.079030454504439
23,1.0,18246307.120361354,18730407.567061655,18582304.50941217,19129153.757750753,484100.446700301,546849.2483385839,2.653142049549771,2.942849462302148
24,1.0,18677664.931161966,19174871.221020482,18399459.615349382,18967417.065302372,497206.2898585163,567957.4499529898,2.6620366715593735,3.086815927350294
25,1.0,18583606.578297127,19094595.761336997,18440024.204850502,19045954.564451624,510989.1830398701,605930.3596011214,2.7496771462899408,3.2859520837382425
26,1.0,18592760.182854794,19116845.710537408,18449224.85583575,19055155.215436872,524085.5276826136,605930.3596011214,2.8187612948716243,3.2843133754178133
27,1.0,18149336.485894725,18579688.166274965,18191461.78460634,18737547.589694887,430351.6803802401,546085.8050885461,2.3711703219271967,3.0018797365181795
28,1.0,18987468.86479173,19437461.412570715,18633672.812117606,19079384.36839111,449992.5477789864,445711.5562735051,2.369944888301584,2.3919683508860143
29,1.0,16086806.348520491,16570052.257768616,17622765.35171941,18576417.268515874,483245.9092481248,953651.9167964645,3.003989100002867,5.411477130650321
30,1.0,20159591.052232314,20639915.52057254,18727428.829257358,19140564.450060964,480324.4683402255,413135.62080360577,2.3826101784293794,2.206045605994642
31,1.0,18112352.565558787,18649976.242074996,18291730.005633175,18947964.743529752,537623.6765162088,656234.7378965765,2.9682708227451204,3.5876034562858763
32,1.0,18231280.244961902,18702996.267816953,18564193.30138613,19111042.549724717,471716.02285505086,546849.2483385876,2.5873993297064617,2.9457205032321876
33,1.0,18285222.33435286,18744763.952674028,18428538.556899507,19000919.76961778,459541.61832116917,572381.2127182744,2.513185838915494,3.1059501053271488
34,1.0,18611826.835153244,19033613.463199154,18711305.012744468,19163279.43748472,421786.6280459091,451974.42474025115,2.2662290584460845,2.4155152429635804
35,1.0,18698676.770503126,19185069.67160403,18589819.81561817,19079384.36839111,486392.90110090375,489564.55277294293,2.6012156211405344,2.633508864683223
36,1.0,17189500.275968578,17694212.261878207,18226506.27263514,18944001.208101347,504711.9859096296,717494.9354662076,2.936164389928378,3.936546723402708
37,1.0,18771637.745685223,19314123.59518465,18509747.78895885,19115678.14855997,542485.8494994268,605930.3596011177,2.889922855154823,3.27357437016272
38,1.0,17985469.595577475,18557498.126123328,18385938.102712784,19065240.127504688,572028.5305458531,679302.0247919038,3.18050372555472,3.6946824306543
39,1.0,19072869.29754698,19549872.10621053,18609405.601032585,19077126.278177675,477002.80866355076,467720.67714508995,2.5009493916308627,2.5133563487870747
40,1.0,18685542.953420613,19168887.440316785,18727119.677656922,19213572.649643213,483344.48689617217,486452.97198629007,2.586729687764787,2.5975856424235415
41,1.0,19557950.092706308,19989861.06422489,18744236.25717278,19158174.79915467,431910.9715185836,413938.5419818908,2.208365240075211,2.2083510701775895
42,1.0,18159255.797374293,18739300.35084123,18383926.27846078,19071293.86886376,580044.5534669384,687367.5904029831,3.1942088372961237,3.7389596759225796
43,1.0,17652276.836992353,18182878.34951841,18018368.70067762,18738927.201750632,530601.5125260577,720558.501073014,3.0058531113341815,3.99902184844245
44,1.0,18552711.68259296,18960919.85717536,18716410.866813853,19159813.763478994,408208.17458240315,443402.896665141,2.200261511989127,2.3690594303598056
45,1.0,18843574.605915662,19296893.326306924,18508270.049022056,19044492.51349213,453318.7203912623,536222.4644700736,2.405693876409997,2.8972046714782325
46,1.0,17976118.68739047,18509147.79889135,18563307.131685473,19173167.088788263,533029.1115008816,609859.9571027905,2.9652068990553575,3.285297995537811
47,1.0,18316835.993083753,18963127.687882543,18313729.810709666,19029351.685994435,646291.6947987899,715621.8752847686,3.52840247651299,3.9075703457538227
48,1.0,18148519.88659213,18702814.030108422,18550430.5417693,19160290.498872086,554294.1435162909,609859.9571027867,3.0542112909482806,3.2875784512364192
49,1.0,18531427.93613679,18993640.78697005,18670793.648288187,19158049.541452773,462212.8508332595,487255.8931645863,2.4942106589203084,2.6097224485647925
50,1.0,18427920.070478093,18892381.66999316,18627387.176590562,19145223.71870184,464461.59951506555,517836.5421112776,2.5204233453299083,2.7799741166171383
51,1.0,18540201.05101971,19012364.165020958,18530943.964998465,19049744.974130724,472163.11400124803,518801.0091322586,2.546698995884293,2.7996469586880086
52,1.0,17781544.461745206,18356257.69389915,18254214.036371514,18980057.01868704,574713.2321539447,725842.9823155254,3.2320771313783747,3.976303668124432
53,1.0,17909647.119884893,18442830.76748076,18457629.04150475,19076726.309864517,533183.6475958675,619097.2683597691,2.977075115030487,3.35415381340494
54,1.0,17986505.500966966,18483201.24283686,18393886.211385317,19010120.420603033,496695.7418698929,616234.209217716,2.7614910625256823,3.3502121418815984
55,1.0,18624733.416966476,19094292.769074492,18649007.325525984,19136263.218690563,469559.3521080166,487255.8931645788,2.5211601239900947,2.6127712036320734
56,1.0,19535155.134192813,20034424.5752672,18698921.00307482,19141520.97856167,499269.44107438624,442599.9754868485,2.5557485346021336,2.366981364401016
57,1.75,17959492.703270566,18398097.38764007,18668593.1109404,19142576.65655224,438604.68436950445,473983.54561183974,2.442188605303039,2.5389355416079535
58,1.0,18111311.6775919,18590969.437224,18609698.54336781,19156547.791706398,479657.7596320994,546849.2483385876,2.648387748887082,2.938517499701658
59,1.0,17735029.067560855,18226280.758807257,18405526.886760823,19026932.81472896,491251.6912464015,621405.927968137,2.7699514298792445,3.376192009016145
60,1.0,18427622.574288283,18925363.92128239,18649741.082862243,19174581.21032925,497741.3469941057,524840.1274670064,2.7010611107728835,2.814195248797831
61,1.652,18638558.3679353,19138906.03115188,18495310.231393185,19025301.42780693,500347.6632165797,529991.1964137442,2.6844761989604784,2.8655436961211866
62,1.0,18401475.85501502,18806978.01666347,18679438.812251892,19153422.357863724,405502.16164844856,473983.5456118323,2.203639343079841,2.5374613786627536
63,1.0,18062139.82696679,18557702.715021122,18536498.76486603,19135467.19561243,495562.8880543336,598968.4307463989,2.7436554738351533,3.2312921568644883
64,1.0,19456335.2245351,19942183.97876872,18664342.90087185,19138326.446483687,485848.75423362106,473983.545611836,2.4971236804192665,2.53951370337123
65,1.0,18265025.63479368,18815719.582454074,18418192.562255077,19017589.36935163,550693.947660394,599396.8070965521,3.0150187504328385,3.254373658384444
66,1.0,18305720.144066956,18786316.54026862,18120328.731872592,18765031.402937204,480596.3962016627,644702.6710646115,2.625389181192242,3.5578972137001985
67,1.0,18950907.391252954,19496028.124984592,18444856.848159373,19000861.72014822,545120.7337316386,556004.8719888479,2.8764888270376248,3.014416845660323
68,1.0,18530640.543266382,19050433.52811332,18618879.78754354,19146028.574618906,519792.9848469384,527148.7870753668,2.8050459649967117,2.8312594156606647
69,1.0,18193945.947753284,18748624.592099484,18563590.16670973,19167799.42120125,554678.6443461999,604209.2544915229,3.0486989789847954,3.2548081974738774
70,1.0,18297765.1641632,18754087.413979836,18652285.633488744,19170122.175600022,456322.2498166375,517836.5421112776,2.4938687633305094,2.7762632005888968
71,1.0,17268490.58522235,17781578.62507707,18032900.409834187,18736871.74728527,513088.03985472023,703971.3374510817,2.971238495469891,3.90381647683904
72,1.0,18070639.267577462,18545513.08664521,18580968.548553538,19142690.222242676,474873.8190677464,561721.6736891381,2.6278750410328326,3.0231022253835427
73,1.0,18212039.923737343,18700101.903047103,18619134.880995806,19165984.12933439,488061.97930976003,546849.2483385839,2.679886390286385,2.937028233770101
74,1.0,18607766.947517183,19034552.63725396,18672094.21701254,19146077.76262438,426785.68973677605,473983.54561183974,2.2935889671260186,2.5384594791728468
75,1.0,19368620.689535543,19831949.380524404,18447718.713771626,18973270.85999249,463328.690988861,525552.1462208629,2.392161519478709,2.8488733722318016
76,1.0,17820053.618966095,18331091.503838338,18449084.665197816,19068181.933557592,511037.8848722428,619097.2683597766,2.8677685028306485,3.355707232064667
77,1.0,18738807.83245,19175637.435100198,18656241.09919994,19130224.644811776,436829.6026501991,473983.545611836,2.331149380238273,2.540616531977401
78,1.0,17886088.33401547,18371444.686386902,18399729.033704318,19015963.242922034,485356.3523714319,616234.209217716,2.7135969772014885,3.3491482841345563
79,1.0,18937643.097119074,19389705.52428112,18652739.993127797,19126723.538739637,452062.4271620475,473983.54561183974,2.3871102905662975,2.5410934038992066
80,1.0,19060157.367011517,19521367.879726313,18652739.993127797,19118152.010664523,461210.51271479577,465412.01753672585,2.4197623547066756,2.4951402191216783
81,1.0,17902125.0241868,18306513.553953506,18203984.409183845,18750070.214272395,404388.5297667049,546085.8050885499,2.2588856307301657,2.9998147263466755
82,1.0,18288758.05428125,18746602.473089863,18429395.585723862,18997353.035676852,457844.418808613,567957.4499529898,2.5034199558533463,3.0818018274725847
83,1.0,17445847.325280778,17982745.64788435,18206808.752443686,18924303.6879099,536898.3226035722,717494.935466215,3.0775135915900904,3.9408055811533367
84,1.976,17533941.19799902,18010156.56682176,18484934.923663296,19052892.373616286,476215.36882274225,567957.4499529898,2.715963076670339,3.072542328650154
85,1.0,18698040.77861169,19214692.596074156,18507771.584058516,19070154.289326932,516651.81746246666,562382.7052684166,2.7631334404482324,3.0386300301697005
86,1.0,17652735.28100462,18189707.90813036,18224632.85596965,18921735.10312398,536972.62712574,697102.2471543327,3.041866422273687,3.825055092541908
87,1.0,19018591.78831471,19461608.2060562,18693948.78135486,19167932.3269667,443016.41774148867,473983.54561183974,2.3293860169693748,2.5354918383246337
88,1.0,18675769.07588682,19140293.114638824,18097645.841647826,18705571.286302347,464524.0387520045,607925.4446545206,2.4873087521293766,3.3591410174217873
89,1.0,19304734.438034944,19732297.243980348,18731994.72216634,19167942.385019816,427562.8059454039,435947.66285347566,2.2148080167474506,2.327289054473205
90,1.863,17952918.48625803,18394267.60163536,18713402.914310787,19156002.88979763,441349.1153773293,442599.9754868448,2.458369739244111,2.3651496070144105
91,1.0,17403043.398875892,17879243.730731275,18351014.133940194,19007226.12618217,476200.33185538277,656211.9922419749,2.7363049148411696,3.575889525518435
92,1.0,18926911.423860762,19385638.769428007,18668593.1109404,19142576.65655224,458727.34556724504,473983.54561183974,2.4236777744357014,2.5389355416079535
93,1.0,18432604.120179195,18907418.055602103,18485056.085344855,19057437.29806313,474813.9354229085,572381.2127182744,2.5759460373974146,3.096453752023313
94,1.0,18877601.24893114,19315661.00502001,18684516.69986453,19127919.59652967,438059.7560888715,443402.896665141,2.3205265876334513,2.373103376381985
95,1.0,18931357.563559987,19370514.73579534,18701458.27700657,19175441.822618406,439157.1722353548,473983.545611836,2.3197341805041294,2.534473721734302
96,1.0,18436927.565906778,18900974.804230478,18410830.261107534,18978787.71106052,464047.2383236997,567957.4499529861,2.5169445216121975,3.0849094902188274
97,1.0,19508142.010066643,20070293.647211477,18496770.862380527,19060088.606096223,562151.6371448338,563317.743715696,2.881625717378676,3.0454923613796514
98,1.0,18781253.37424254,19271711.94823484,18334694.948925752,18913104.642417394,490458.5739923008,578409.6934916414,2.611426214317186,3.154727663061179
99,1.0,17880883.464057285,18343921.32906503,18504672.37692463,19069629.148434415,463037.86500774324,564956.7715097852,2.589569279048794,3.0530493056136874
100,1.0,19159978.30084899,19631981.630578555,18680159.122611776,19125870.67888528,472003.3297295645,445711.5562735051,2.4634857217382637,2.386015843590885
101,1.0,18185542.38414845,18567398.287166033,18158274.65677313,18759360.044285927,381855.90301758423,601085.3875127956,2.099777366829771,3.310256061627461
102,1.0,18404437.840089332,18822313.174688086,18598822.013594303,19125889.208634928,417875.3345987536,527067.1950406246,2.270513982711929,2.833874073612722
103,1.0,18999537.148623727,19454810.666642327,18496340.944533918,19026262.511728544,455273.5180185996,529921.5671946257,2.3962347843383034,2.865007564381156
104,1.0,18671202.263789695,19279034.749732487,18460968.0372188,19091570.082867786,607832.4859427921,630602.0456489846,3.2554544552366727,3.415866623990898
105,1.0,18298158.99109307,18776898.53970935,18564193.30138613,19111042.549724717,478739.5486162789,546849.2483385876,2.6163263137527295,2.9457205032321876
106,1.0,19693992.42509748,20200402.54828146,18524468.701426864,19044446.102963157,506410.1231839806,519977.4015362933,2.5713939167490767,2.8069760591635298
107,1.0,18424945.231645674,18889236.697758287,18646137.465267006,19155402.479303166,464291.4661126137,509265.01403615996,2.5199068994526628,2.731209157847252
108,1.0,18215326.277484406,18665706.87905053,18422424.580475695,18994805.793193974,450380.6015661247,572381.2127182782,2.472536559077896,3.1069808982955185
109,1.0,18694517.283665664,19131351.64863774,18528801.451184887,19058723.018379517,436834.3649720773,529921.5671946295,2.3366977512372644,2.8599883731861233
110,1.0,18040950.6757712,18662652.746072464,18285348.326767,19043513.5161194,621702.0703012645,758165.1893523969,3.4460604736102054,4.146298860725322
111,1.0,17590355.05038093,18117863.464469466,18210332.529119723,18911858.539039347,527508.414088536,701526.0099196248,2.9988502936847348,3.852351453757534
112,1.0,17547987.829198055,18027568.060509708,18387108.842053037,19011817.384174682,479580.2313116528,624708.5421216451,2.7329642348718775,3.397535455345096
113,1.0,16768859.58619976,17197462.352175802,17983674.461098243,18684292.847822186,428602.76597604156,700618.386723943,2.5559446292267127,3.895857813927294
114,1.0,19298128.553067196,19702344.920243993,18698287.368285198,19136543.690747038,404216.36717679724,438256.32246183977,2.0945884263609185,2.3438313564758944
115,1.0,17906094.642837185,18422388.35082328,18492737.227663945,19095865.57047712,516293.70798609406,603128.3428131752,2.8833406629659604,3.2614335854561
116,1.0,18740722.140102834,19173943.319582313,18579750.125537958,19056042.33075816,433221.1794794798,476292.20522020385,2.311656809384308,2.5635016725307724
117,1.0,18453073.142722182,18916597.137372166,18627186.709301062,19136451.723337226,463523.99464998394,509265.0140361637,2.5119067759875864,2.7339878103110107
118,1.0,18904356.957134604,19349071.87363777,18620014.139304537,19103533.680012465,444714.9165031649,483519.5407079272,2.352446674126766,2.596773219883209
119,1.0,17780849.25422436,18284861.928642724,18472635.209986255,19091732.478346027,504012.6744183637,619097.2683597729,2.8345815613875742,3.3514290804870686
120,1.0,19671263.37699648,20201035.892372373,18500811.52265893,19027352.03996453,529772.5153758936,526540.5173056014,2.6931290849138243,2.8460401137578164
121,1.0,17758980.286621157,18267067.11506304,18507730.875170626,19110859.217983805,508086.82844188437,603128.3428131789,2.86101352803829,3.258791403879319
122,1.0,17172450.63073306,17631958.23604662,17981484.927783918,18656715.530073807,459507.60531355813,675230.602289889,2.6758417607047305,3.7551437214540773
123,1.0,17427887.00969248,17960540.374469087,18247830.569021605,18949356.578941226,532653.3647766076,701526.009919621,3.0563278524836295,3.8444351358158997
124,1.0,19373010.68103372,19800044.901880328,18760260.26477781,19174198.806759704,427034.2208466083,413938.5419818945,2.2042739142485326,2.206464815198005
125,1.0,18304534.20341624,18792050.038067363,18503249.428478364,19074169.620018434,487515.83465112373,570920.1915400699,2.6633610516029242,3.085513135121911
126,1.0,18574210.1702829,19041084.031135634,18633154.20771338,19120410.10087796,466873.86085273325,487255.8931645788,2.513559696873089,2.614994153608595
127,1.0,20052522.004872307,20490210.24786531,18707574.41814235,19109995.70733943,437688.2429930046,402421.28919707984,2.182709201798439,2.1511141968614447
128,1.0,18407127.03817587,18848515.525289416,18397066.19170119,18969447.404419463,441388.4871135466,572381.2127182744,2.397921664788422,3.111263539272758
129,1.0,18372066.596911576,18866931.27162609,18573846.38815366,19120695.636492245,494864.6747145131,546849.2483385839,2.6935710912222692,2.9441895712422954
130,1.0,18257440.00866205,18716864.93318474,18421886.090072155,18989843.54002514,459424.9245226905,567957.4499529861,2.516370993440051,3.0830580928359304
131,1.0,18155068.369497217,18691995.64150547,18550787.019123007,19151946.876711193,536927.2720082514,601159.8575881869,2.957451115471183,3.2406164599296168
132,1.0,18672412.787382223,19144066.62787443,18633154.20771338,19120410.10087796,471653.84049220756,487255.8931645788,2.525939448012444,2.614994153608595
133,1.0,18969181.297096074,19428688.673330344,18668593.1109404,19142576.65655224,459507.37623427063,473983.54561183974,2.4223890796205056,2.5389355416079535
134,1.0,19166471.33450472,19628726.17416255,18416900.26269654,18962951.763486687,462254.83965783194,546051.5007901452,2.4117889599513864,2.964947917409171
135,1.0,18349951.682900116,18807358.110377632,18646540.933185805,19164377.475297082,457406.42747751623,517836.5421112776,2.492684642345748,2.7771185227693813
136,1.0,18202582.08522934,18643239.086440705,18551750.24685112,19071895.44857076,440657.0012113638,520145.2017196417,2.42084886170594,2.8037527176603105
137,1.0,17987467.377730094,18498406.45898983,18458987.865097433,19062116.207910616,510939.0812597349,603128.3428131826,2.8405281884892695,3.267396604954641
138,1.0,18866281.961030416,19309864.233449202,18660249.488779508,19134233.034391347,443582.27241878584,473983.54561183974,2.3511907292334286,2.540070784674386
139,1.0,18713555.055008173,19201002.35693493,18452601.398437113,19024982.611155387,487447.30192675814,572381.2127182744,2.604781937445425,3.101899837096972
140,1.0,18832902.037168242,19338564.965023965,18708830.245267585,19195283.21725387,505662.9278557226,486452.97198628634,2.684997388388451,2.600124997709758
141,1.0,17628659.157958075,18192413.57165522,18271297.77299966,19001564.518080465,563754.4136971459,730266.7450808063,3.1979426719056576,3.9967973493374687
142,1.0,19312853.54095248,19772859.621314123,18462871.957067035,18992793.52426167,460006.08036164194,529921.5671946332,2.3818649035276387,2.870201171447734
143,1.0,18631798.437062316,19108992.876726486,18608886.99662836,19118152.010664523,477194.43966417015,509265.0140361637,2.5611829221753304,2.736676374725875
144,1.0,19201559.89041512,19624028.431652248,18659283.178561363,19104766.836510934,422468.54123712704,445483.65794957057,2.2001782336861675,2.387463943209835
145,1.0,18319638.58249632,18806976.33334753,18619951.78482422,19144791.91229122,487337.7508512102,524840.1274670027,2.6601930417821773,2.8186975644843617
146,1.0,17612913.205335636,18098567.33297108,18456291.36067535,19078691.243188635,485654.12763544545,622399.8825132847,2.7573753528083134,3.372291162673268
147,1.0,19422655.383184236,19860025.159853783,18445653.711651944,18954388.826165713,437369.77666954696,508735.11451376975,2.2518536628529864,2.7580216047990027
148,1.0,18320086.98070937,18800527.79915793,18624363.069000047,19149203.19646705,480440.81844855845,524840.1274670027,2.622481099322572,2.8180299402592226
149,1.0,17655905.152727466,18143026.496966183,18465326.75494659,19084424.02330636,487121.3442387171,619097.2683597691,2.758971233845052,3.352755554103163
150,1.0,18477336.12364836,18996130.596327003,18456734.351487458,19062664.71108858,518794.4726786427,605930.3596011214,2.8077341301090453,3.28297708609697
151,1.0,19203359.524719562,19657313.482894897,18721677.019523315,19173651.44426357,453953.9581753351,451974.4247402549,2.3639299029473566,2.4141770220099805
152,1.0,18649180.149325483,19153542.975085866,18479598.87870183,19047556.32865482,504362.82576038316,567957.4499529898,2.704477203404705,3.073429535354115
153,1.0,19495501.951036505,19937000.91939844,18634760.02557703,19080243.6835266,441498.9683619328,445483.65794957057,2.2646196516035837,2.390605821261581
154,1.0,18594533.49020361,19028469.873842046,18671240.173090003,19145223.71870184,433936.3836384341,473983.545611836,2.333677173815897,2.5385755912184482
155,1.0,19421166.39326154,19906118.641877487,18457268.370722756,18987189.93791739,484952.2486159466,529921.5671946332,2.497029471845769,2.871072558251383
156,1.0,18356923.800810285,18801781.167942125,18460487.802805204,19032869.015523482,444857.36713184044,572381.2127182782,2.4233764434551075,3.1005746913757104
157,1.0,17740912.80552811,18230156.624791265,18503328.61591407,19103719.377555773,489243.8192631528,600390.7616417035,2.7577150320625172,3.2447716521952072
158,1.0,17067115.68892557,17510308.18650166,18070129.91350748,18749692.92784782,443192.4975760877,679563.0143403411,2.5967627199226424,3.7606980004740618
159,1.0,19088867.449371777,19556793.484661512,18475985.58659234,19005907.153786972,467926.0352897346,529921.5671946332,2.4513032872735163,2.868163999755374
160,1.0,17221455.783324018,17714082.882524878,18169082.705814887,18889880.25543461,492627.09920085967,720797.5496197231,2.8605427171719318,3.9671653285448305
161,1.0,19130918.790584523,19620546.76847105,18498882.72889726,19028804.296091884,489627.9778865278,529921.5671946257,2.559354222587068,2.8646139064757183
162,1.0,18532354.19109173,18957033.554656997,18675937.706179753,19149921.25179159,424679.36356526613,473983.545611836,2.291556481094043,2.5379370667690635
163,1.0,18172891.338001326,18650086.112283118,18601443.770024776,19148293.018363357,477194.77428179234,546849.2483385801,2.6258604941082244,2.9398215272934793
164,1.0,18779740.66010321,19306340.62434312,18313602.914926723,18980100.15930021,526599.9642399102,666497.2443734892,2.804085390586092,3.6393562068021716
165,1.0,18116102.185368672,18599351.244193718,18608238.778369572,19155088.026708156,483249.0588250458,546849.2483385839,2.6675112222282458,2.9387480182930994
166,1.0,18598702.294088904,19066175.90616946,18608886.99662836,19118152.010664523,467473.6120805554,509265.0140361637,2.513474352611845,2.736676374725875
167,1.0,18696050.57909542,19236388.606128857,18465077.973648354,19071008.333249472,540338.027033437,605930.3596011177,2.8901185560420135,3.281493641488247
168,1.0,19343601.644564554,19742078.171289816,18578359.096835636,19014741.79637683,398476.5267252624,436382.6995411962,2.0599913813735515,2.348876438799825
169,1.0,19983018.685419418,20434917.22682469,18683307.207057327,19107737.61712599,451898.54140527174,424430.4100686647,2.2614127951298912,2.2717092073952663
170,1.0,17455875.47144648,17948254.86253655,18334095.59663653,19030647.403256245,492379.39109006897,696551.806619715,2.8207086599321847,3.7992155268760595
171,1.0,18310626.38986386,18742536.902797792,18524716.82325426,19051784.018294893,431910.51293393224,527067.195040632,2.3587970380577654,2.8452105371942817
172,1.0,17671375.10957662,18214550.546190266,18385384.68115148,19070337.408554643,543175.4366136454,684952.7274031639,3.0737587383297815,3.725528398137739
173,1.0,18241604.14076661,18719515.408018805,18576545.313126594,19123394.561465178,477911.2672521956,546849.2483385839,2.619897151392253,2.9437618196542075
174,1.0,17888327.548821498,18402965.484708678,18318782.463293724,18973169.796443634,514637.93588718027,654387.33314991,2.8769483032028065,3.572220667291285
175,1.0,19330967.680619467,19762501.074945576,18640782.99859916,19086266.656548727,431533.39432610944,445483.65794956684,2.2323424334248374,2.389833399074731
176,1.0,17245148.059438914,17805508.45308995,17936424.435857307,18733431.238490995,560360.3936510347,797006.8026336879,3.2493800094939083,4.443509939697708
177,1.0,19286616.801289868,19764918.019504853,18673196.9894562,19118908.545729704,478301.218214985,445711.5562735051,2.4799643355956382,2.386905448087843
178,1.0,18188804.019316368,18598809.31508565,18543856.08386687,19070923.2789075,410005.2957692817,527067.195040632,2.2541630298169095,2.8422739728830178
179,1.0,18321140.142728712,18788322.22233219,18422770.400380082,18995151.613098357,467182.0796034783,572381.2127182744,2.5499618253228276,3.106922576131468
180,1.0,18554880.29230299,19024625.042322535,18672557.870314416,19159813.763478994,469744.7500195466,487255.8931645788,2.531650663434396,2.6094758765708095
181,1.0,17638581.70666313,18075808.59349896,18173741.523616288,18763680.325204276,437226.8868358284,589938.8015879877,2.478809771143119,3.2461053813348126
182,1.0,19978209.92418932,20420666.69216583,18704695.005891666,19114264.12689979,442456.76797650754,409569.1210081242,2.2146967603978744,2.189659445818907
183,1.0,18183747.203270156,18593012.514626075,18554438.447197724,19081505.642238352,409265.31135591865,527067.1950406283,2.2507204196191015,2.8406529065299266
184,1.0,18845062.176921465,19289237.315411452,18724101.75168111,19167504.648346253,444175.1384899877,443402.896665141,2.3569842026520087,2.3680863442505635
185,1.0,18953828.62430928,19409663.315001328,18668593.1109404,19134005.128477126,455834.6906920485,465412.01753672585,2.404974212478721,2.493021379655971
186,1.0,18859296.263367258,19293789.270562153,18684516.69986453,19127919.59652967,434493.0071948953,443402.896665141,2.3038664917675895,2.373103376381985
187,1.0,18779286.48973207,19283371.370587323,18466246.23905443,19034203.689007416,504084.8808552511,567957.4499529861,2.6842600283608697,3.075651881819965
188,1.0,17798741.462740377,18389947.809826434,18267824.73954585,18998253.53400213,591206.3470860571,730428.7944562808,3.321618825261773,3.9984442858982656
189,1.0,18707986.104958102,19149557.135574948,18671240.173090003,19145223.71870184,441571.03061684594,473983.545611836,2.360334394838032,2.5385755912184482
190,1.0,18114287.146023385,18529538.072888862,18547093.851958375,19074161.046999007,415250.9268654771,527067.195040632,2.2923945254817095,2.84177779682168
191,1.0,19384001.465715908,19832681.070863903,18800658.298229273,19198055.69695881,448679.60514799505,397397.3987295367,2.314690317897291,2.113741936190422
192,1.0,17570704.789104648,18072538.59881438,18308799.87709222,18977056.07354657,501833.8097097315,668256.1964543499,2.856082415208021,3.6499180773201036
193,1.0,18808185.946920965,19327641.004322827,18505124.521908913,19062860.86483115,519455.057401862,557736.3429222368,2.7618562410422176,3.013956173393547
194,1.0,18916070.104806386,19373640.157480266,18646197.325697023,19091908.881970525,457570.05267388,445711.55627350137,2.4189488098673095,2.390361683340386
195,1.0,18650737.809784215,19124595.413139816,18633154.20771338,19120410.10087796,473857.60335560143,487255.8931645788,2.5406909270206715,2.614994153608595
196,1.0,18928330.433699165,19388964.50451737,18566187.04074701,19098835.636581097,460634.07081820443,532648.5958340876,2.4335694710723765,2.8689175362991306
197,1.0,17419039.481769577,17941201.650778543,18222777.677990276,18924303.6879099,522162.16900896654,701526.0099196248,2.99765190586686,3.849720510868865
198,1.0,17435596.01245322,17993167.312277883,18224776.943293937,18974477.27745032,557571.2998246625,749700.3341563828,3.1978906796557003,4.113632427376543
199,1.0,19580957.388574608,20117454.56646382,18491046.945312954,19054572.001181953,536497.177889213,563525.0558689982,2.7398924743192405,3.047556244574018
200,1.0,17074682.577291146,17528643.02917293,17991219.900466155,18666450.502756044,453960.45188178495,675230.602289889,2.6586757898828512,3.753111829133908
201,1.0,19521740.525154293,19934837.59241141,18693904.331843432,19110151.53343369,413097.0672571175,416247.2015902586,2.1160872757469074,2.226646687611522
202,1.0,18183224.025877275,18648525.6066031,18460358.0059754,19034616.353203833,465301.5807258263,574258.3472284339,2.558960831498512,3.1107649539762625
203,1.0,17495400.67681155,17996289.21102496,18315874.268301595,18988055.186090164,500888.5342134088,672180.9177885689,2.862972637587476,3.6699362964719637
204,1.0,18040814.97455726,18594485.000422828,18432178.67659512,19073583.74966558,553670.0258655697,641405.0730704591,3.0689856674790126,3.4798114988159523
205,1.0,17915637.418918256,18467285.077849228,18538577.40537649,19170446.483350858,551647.6589309722,631869.0779743679,3.0791405632514786,3.4084011095215727
206,1.726,18017667.313282624,18590282.382648192,18074934.9426863,18792085.829110663,572615.0693655685,717150.8864243627,3.1780754933988407,3.967654039687401
207,1.0,17832638.69148175,18332257.39561885,18336936.767561875,18991324.10071179,499618.70413709804,654387.3331499137,2.801709341959329,3.568684025281299
208,1.0,17603100.491290234,18111377.509183407,18352496.253024906,19008708.24526688,508277.0178931728,656211.9922419749,2.8874289398317137,3.5756007422359035
209,1.0,17298100.602492247,17808854.790634934,18259279.414490476,18960805.424410097,510754.1881426871,701526.009919621,2.9526605254515603,3.842024616606137
210,1.0,18503431.2094082,18924973.934785776,18703787.68225552,19177771.227867357,421542.72537757456,473983.545611836,2.2781867892871577,2.534158073562336
211,1.0,18863187.95188689,19308571.916707013,18716410.866813853,19168385.29155411,445383.9648201242,451974.4247402549,2.3611277476327768,2.4148562881874573
212,1.0,18691953.324018773,19175846.987947747,18603978.084693994,19093542.637466934,483893.6639289744,489564.5527729392,2.5887806134588462,2.631504673592996
213,1.809,17392027.033458125,17981199.714998137,18012616.420690533,18743627.758014046,589172.6815400124,731011.3373235129,3.3876021489995627,4.058329563293331
214,1.0,16852332.14764303,17327700.301330015,17858466.845524162,18652120.697430715,475368.1536869854,793653.8519065529,2.8207855715297567,4.444132067840219
215,1.0,19188469.588801976,19643952.60148128,18677007.20421282,19120410.10087796,455483.0126793049,443402.896665141,2.3737328845918806,2.374057534041783
216,1.669,17114289.966352697,17675884.26655409,17933337.985900756,18719402.30515292,561594.3002013937,786064.3192521632,3.2814349955826856,4.383257148614325
217,1.0,18965046.387582026,19423194.06744281,18661946.862425044,19107658.41869855,458147.6798607819,445711.5562735051,2.415747741913085,2.3883443649222067
218,1.816,18073512.59146544,18612728.085852094,18097664.010950297,18777498.511098284,539215.4943866543,679834.5001479872,2.9834570986565128,3.756476525018045
219,1.0,18595382.237116426,19065709.764000013,18665048.94798525,19152304.84114983,470327.52688358724,487255.8931645788,2.5292705516147573,2.6105256649604147
220,1.0,19982948.21209524,20448501.519753534,18769409.753092017,19173973.845820505,465553.3076582961,404564.09272848815,2.3297528608741875,2.1554438741039337
221,1.0,19228779.33606648,19752127.854562297,18520178.604225375,19088073.081068136,523348.51849581674,567894.476842761,2.7216939221627943,3.06635529267086
222,1.0,17720886.060584657,18266574.91921927,18350392.302726272,19035345.030129436,545688.8586346135,684952.7274031639,3.079354253331336,3.7326326113551382
223,1.0,19003108.46869493,19511701.0307446,18300262.160611883,18959919.347843643,508592.562049672,659657.1872317605,2.6763650951501434,3.6046324442911932
224,1.0,18179206.924481917,18739421.18010146,18550430.5417693,19160290.498872086,560214.2556195445,609859.9571027867,3.081620985704853,3.2875784512364192
225,1.0,18640868.722321134,19137469.478866152,18420194.934738614,18988152.3846916,496600.7565450184,567957.4499529861,2.6640429903911818,3.0833411479369097
226,1.0,18754726.69844855,19192863.72423098,18656241.09919994,19130224.644811776,438137.0257824287,473983.545611836,2.336141884801087,2.540616531977401
227,1.0,20039085.226494312,20519495.775457405,18782942.221765853,19187506.31449434,480410.54896309227,404564.09272848815,2.3973676619126616,2.153890950373448
228,1.0,18491124.54888604,18911102.194753505,18579750.125537958,19056042.33075816,419977.6458674669,476292.20522020385,2.2712390734113987,2.5635016725307724
229,1.0,18886012.414574083,19332765.402317256,18725839.088262103,19177813.51300236,446752.9877431728,451974.4247402549,2.3655231074528973,2.413640438807175
230,1.0,19196841.337328006,19656083.684306815,18729186.515175026,19172589.411840167,459242.3469788097,443402.896665141,2.392280786765784,2.367443435441688
231,1.0,19522285.605442658,19969194.116290662,18722227.136301193,19158174.79915467,446908.5108480044,435947.66285347566,2.289222275917374,2.3285032260302043
232,1.0,18713735.844809063,19258113.27920119,18449224.85583575,19055155.215436872,544377.4343921281,605930.3596011214,2.9089725264190425,3.2843133754178133
233,1.0,18013420.66106489,18480450.37469399,18092175.800625846,18731297.070896994,467029.7136291005,639121.2702711485,2.5926764406194205,3.532583793758184
234,1.0,18573807.33319745,18974416.77131191,18260948.927779734,18768998.850109927,400609.43811446056,508049.9223301932,2.1568514786865527,2.7821660546748195
235,1.0,18055933.183098055,18612050.90522145,18512379.798438452,19144248.87641282,556117.7221233957,631869.0779743679,3.079972197969645,3.4132244738608217
236,1.0,16758131.059392197,17219076.012826476,18262065.547010917,18985778.302281518,460944.9534342792,723712.7552706003,2.7505749406103357,3.9629293488602966
237,1.0,18705158.407790102,19144746.3973799,18654998.083341233,19128981.628953073,439587.9895897992,473983.54561183974,2.3500896384107866,2.540785817797019
238,1.0,18601361.173429985,19125382.746541355,18490144.16023819,19046529.403672867,524021.5731113702,556385.243434675,2.8171141252817447,3.009090889789513
239,1.0,19208777.35792968,19688885.285508733,18704919.304090004,19178902.849701844,480107.92757905275,473983.54561183974,2.4994195030370157,2.534004760492064
240,1.0,17055236.937451683,17533069.86570834,18250272.184942525,18973984.94021313,477832.928256657,723712.755270604,2.8016786281484087,3.9654902016623446
241,1.0,18975178.407649193,19439810.726405434,18490556.290168017,19020477.857362654,464632.31875624135,529921.5671946369,2.44863214866502,2.865903863997927
242,1.0,17864547.11305553,18373030.01293394,18425337.39901476,19047737.281528044,508482.89987840876,622399.8825132847,2.8463240442675763,3.3779565010655688
243,1.0,18813910.037155315,19327303.168172263,18421580.06728617,18996377.574380882,513393.1310169473,574797.5070947111,2.728795502918079,3.1202399848179203
244,1.0,17976911.723956116,18525674.430806786,18512768.77037462,19144637.848348986,548762.7068506703,631869.0779743679,3.0525972162359043,3.413152758573463
245,2.0,16589715.406914907,16902575.097368516,17412991.445218984,17811098.440018576,312859.69045360945,398106.9947995916,1.885865325472694,2.2862642300837877
246,1.0,19021284.903117314,19483792.383282233,18652739.993127797,19118152.010664523,462507.48016491905,465412.01753672585,2.431525959054011,2.4951402191216783
247,1.0,17906453.574017607,18434616.70843065,18339137.8212353,18992956.264755435,528163.1344130449,653818.4435201362,2.949568613516042,3.565153661493645
248,1.0,17800407.579403166,18290109.261279542,18474840.982910037,19077969.32572322,489701.6818763763,603128.3428131826,2.75107005101956,3.264592877259947
249,1.0,18920926.317097735,19372124.061050955,18711999.582638025,19163974.00737828,451197.74395322055,451974.4247402549,2.384649336885264,2.415425581559014
250,1.0,18721480.446057655,19148611.24297995,18483329.328135505,19017674.658095427,427130.7969222963,534345.3299599215,2.281501178034459,2.8909582276745773
251,1.0,19091646.108882416,19545807.84216509,18703169.004723873,19177152.55033571,454161.7332826741,473983.545611836,2.3788505752333986,2.534241900354542
252,1.0,17914610.649508744,18401007.20891989,18424325.403279558,19032829.82912205,486396.55941114575,608504.4258424938,2.7150830622405056,3.302722962840089
253,1.0,17869714.573259678,18380290.543552842,18500649.61791191,19103777.96072509,510575.97029316425,603128.3428131826,2.8572139090413478,3.2600387298251814
254,1.0,17956413.089886606,18508021.237712808,18538863.654290408,19170732.732264776,551608.1478262022,631869.0779743679,3.0719283693516632,3.408348482179682
255,1.0,18077321.405837547,18511418.207213692,18071362.077939976,18710483.34821113,434096.80137614533,639121.2702711523,2.4013336468973017,3.53665245328319
256,1.0,19308601.341454566,19788674.016582668,18668233.685418908,19135954.362563994,480072.6751281023,467720.6771450862,2.486315122667177,2.5054361597712704
257,1.895,17767786.551572897,18344150.351998705,18090805.097710192,18807955.984134555,576363.8004258089,717150.8864243627,3.243869453028667,3.964173416003109
258,1.0,17592256.40202233,18133592.042882938,18243133.035931855,18940235.28308619,541335.6408606097,697102.2471543327,3.0771245512223215,3.8211761421753225
259,1.0,18169971.060176298,18619256.75151372,18428192.73699512,19000573.949713398,449285.69133742154,572381.2127182782,2.4726824817136626,3.106008390986744
260,1.0,18102086.4650402,18574191.2703504,18503555.44553675,19061284.881558813,472104.8053102009,557729.4360220619,2.6080132045659883,3.0141744253620835
261,1.0,18492693.876591016,18903754.829754125,18663750.594851647,19137734.140463486,411060.9531631097,473983.54561183974,2.2228289502128806,2.5395942964571496
262,1.0,17826773.63193683,18428872.579283983,18225154.880054936,18971552.600057814,602098.947347153,746397.7200028785,3.377498137231558,4.095425936926954
263,1.0,18394411.246695504,18849972.44787724,17831740.166462198,18496620.150443044,455561.20118173584,664879.9839808457,2.47662833603101,3.72863207838429
264,1.595,17862016.73771137,18332462.356376007,18603935.59684978,19093500.149622723,470445.6186646372,489564.55277294293,2.6337766086144345,2.6315106834482984
265,1.0,19291504.283925075,19776302.49112588,18475985.58659234,19005907.153786972,484798.2072008066,529921.5671946332,2.5130140193617336,2.868163999755374
266,1.0,18878618.72751175,19328202.202875264,18635702.356704783,19119221.897412702,449583.4753635153,483519.54070791975,2.3814426354632543,2.594587160992933
267,1.0,19116804.49004349,19645941.855376042,18528625.014344003,19091007.719612423,529137.3653325513,562382.7052684203,2.767917439382399,3.0352101401644735
268,1.0,17938929.84913547,18433050.137090717,18448710.64789972,19057215.07374221,494120.28795524687,608504.42584249,2.754457997833466,3.298357470372949
269,1.0,18275096.816628423,18773648.13705574,18366977.264608093,18978787.71106052,498551.3204273172,611810.4464524277,2.7280365484777502,3.3310350289992705
270,1.0,18782142.784488752,19210756.035557892,18677007.20421282,19120410.10087796,428613.2510691397,443402.896665141,2.2820253044988577,2.374057534041783
271,1.0,18560365.439721067,18985531.54931699,18604385.24445551,19080677.44967571,425166.1095959246,476292.2052202001,2.2907205732384233,2.560107194953647
272,1.0,17560156.808242623,18137019.549398784,18279267.805169366,19009534.55025018,576862.7411561608,730266.7450808138,3.2850660017192177,3.995054686349607
273,1.0,18429327.074359324,18895877.450833738,18626998.2046544,19136263.218690563,466550.376474414,509265.0140361637,2.531564905175102,2.73401547818323
274,1.0,19662234.572156116,20097091.722910274,18740135.931842875,19154074.47382477,434857.15075415745,413938.5419818945,2.2116364707089953,2.2088342554577647
275,1.775,18220936.52796168,18802857.13961468,18031231.36704226,18750313.7297683,581920.6116530001,719082.3627260402,3.193692106659777,3.987982562524205
276,1.0,17346229.993091695,17801206.61615857,18459148.178775754,19081548.061289035,454976.6230668761,622399.882513281,2.62291358553458,3.37176925221779
277,1.0,18865451.494962305,19382414.690271184,18498305.987835925,19060688.693104345,516963.195308879,562382.7052684203,2.7402641036549014,3.0401848992995935
278,1.564,16922681.180880077,17623425.962912664,18037412.195596293,18952507.4251834,700744.7820325866,915095.2295871079,4.140861454178527,5.073317722430948
279,1.0,19013894.906685445,19456224.232652217,18469456.31289316,19003801.64285308,442329.3259667717,534345.3299599215,2.3263478005826412,2.8931297213492186
280,1.0,18271380.449789856,18809875.172566637,18572795.56667205,19151946.303388648,538494.7227767818,579150.7367165983,2.947203273756883,3.1182744387487644
281,1.0,18625744.960378215,19110636.983100947,18420030.912092783,18987988.362045772,484892.0227227323,567957.4499529898,2.603342973686278,3.083368603796016
282,1.0,18754941.395545676,19189851.394571975,18732445.37384201,19175848.27050715,434909.9990262985,443402.896665141,2.318908867023121,2.3670315744484105
283,1.0,19134715.755292367,19608998.789466947,18713455.078592457,19156055.054079305,474283.0341745801,442599.9754868485,2.4786521014476044,2.3651430140934666
284,1.0,17669543.241932902,18218672.028338064,18315510.503223024,19010644.26515236,549128.786405161,695133.7619293369,3.1077701267454545,3.7953283464690353
285,1.0,18418409.189798243,18865484.65385196,18612388.102700498,19121653.116736665,447075.4640537165,509265.0140361674,2.427329415079706,2.736161588862836
286,1.0,16943421.80814817,17400316.003226694,17981386.25807825,18672585.785914734,456894.19507852197,691199.527836483,2.696587503114627,3.843972416342245
287,1.0,17386714.766398717,17878342.531493958,18317601.98292323,18982457.349977896,491627.76509524137,664855.3670546673,2.827605857118869,3.62959828297659
288,1.0,18419891.257177427,18875482.67053173,18628241.2205131,19146077.76262438,455591.4133543037,517836.5421112776,2.4733664655961505,2.77984666389785
289,1.0,17866473.618146244,18367008.148112036,18316840.013950393,18971227.347100303,500534.52996579185,654387.33314991,2.801529505282002,3.572599491241493
290,1.0,18082932.586056642,18605146.040567644,18455486.759025294,19058615.101838477,522213.4545110017,603128.3428131826,2.8878803370293444,3.2680164478362217
291,1.0,18588548.319998294,19018478.759929378,18693491.567838583,19167475.113450423,429930.43993108347,473983.54561183974,2.3128779748149957,2.5355538524825922
292,1.0,18666284.466233,19138437.512727313,18608886.99662836,19118152.010664523,472153.0464943126,509265.0140361637,2.529443110911706,2.736676374725875
293,1.0,18850963.649308756,19289010.03938074,18511093.155392915,19041014.72258755,438046.3900719844,529921.5671946332,2.323734734314482,2.862724328304992
294,1.0,18501951.87223094,19023629.047413364,18395609.648913562,19008380.065656405,521677.1751824245,612770.4167428426,2.819579138379422,3.3310688171676475
295,1.0,17286929.99532422,17800938.60412827,18186017.83235136,18902391.619205795,514008.60880405083,716373.7868544348,2.9733944022627514,3.9391459606955155
296,1.0,19576307.764345203,20011644.84011932,18746494.347386215,19160432.889368106,435337.0757741183,413938.5419818908,2.2237956258892093,2.2080850654597475
297,1.0,18058223.188269082,18561684.00922005,18396533.27353492,19012767.482752632,503460.8209509663,616234.2092177123,2.7879864796334046,3.34973008259236
298,1.0,18154605.17125089,18713270.46979377,18553077.603918906,19162937.56102169,558665.2985428795,609859.957102783,3.0772649323575805,3.2871093956614734
299,1.0,18657216.12680385,19094476.26501765,18500672.762222502,19035018.09218242,437260.1382138021,534345.3299599178,2.3436515675327,2.8882481022583444
