agency_id,name,display_name,aliases,agency_type,contact_name,contact_role,contact_phone,contact_email,contact2_name,contact2_role,contact2_phone,contact2_email,address_city,address_street,vat_id,payment_terms_days,rebate_percent,commission_percent,credit_limit_ils,status,onboarded_at,notes,data_source
AGY_01,OMD,OMD,או אם די,מדיה מלא,מיכל ברקוביץ,מנהלת לקוח,052-5100001,michal@omd.example,אורי שני,סמנכ"ל מדיה,052-5100002,uri@omd.example,תל אביב,הארבעה 21,513200001,60,4.0,15.0,3000000,active,2025-04-27,"פרטי קשר סינתטיים לדוגמה, יש להחליף בנתוני אמת",synthetic
AGY_02,יוניברסל,יוניברסל מקאן,Universal McCann|UM,מדיה מלא,נועה פלדמן,מנהלת לקוח,052-5100003,noa@universal.example,דניאל כהן,מנהל תכנון מדיה,052-5100004,daniel@universal.example,תל אביב,יגאל אלון 98,513200002,90,5.0,15.0,5000000,active,2025-04-27,"פרטי קשר סינתטיים לדוגמה, יש להחליף בנתוני אמת",synthetic
AGY_03,יוניון,יוניון מדיה,Union Media,מדיה מלא,עדי רוזן,מנהלת לקוח,052-5100005,adi@union.example,יעל אברהמי,מנהלת קניית מדיה,052-5100006,yael@union.example,רמת גן,ז'בוטינסקי 7,513200003,60,3.0,15.0,1500000,active,2025-04-27,"פרטי קשר סינתטיים לדוגמה, יש להחליף בנתוני אמת",synthetic
AGY_04,ישירים,ישירים,Yeshirim,מדיה מלא,רון לביא,מנהל לקוח,052-5100007,ron@yeshirim.example,שירה מלכה,מנהלת קמפיינים,052-5100008,shira@yeshirim.example,תל אביב,דרך מנחם בגין 144,513200004,60,3.5,15.0,2000000,active,2025-04-27,"פרטי קשר סינתטיים לדוגמה, יש להחליף בנתוני אמת",synthetic
AGY_05,לפמ,לשכת הפרסום הממשלתית,LAPAM,מדיה מלא,תמר גולן,רפרנטית מדיה,052-5100009,tamar@lapam.example,אבי מזרחי,מנהל תחום שידור,052-5100010,avi@lapam.example,ירושלים,יפו 216,513200005,90,2.0,15.0,1000000,active,2025-04-27,"פרטי קשר סינתטיים לדוגמה, יש להחליף בנתוני אמת",synthetic
AGY_06,מדיהקום,מדיהקום,MediaCom,מדיה מלא,ליאור אשכנזי,מנהל לקוח,052-5100011,lior@mediacom.example,הילה ברק,מנהלת תכנון,052-5100012,hila@mediacom.example,בני ברק,מצדה 7,513200006,60,4.5,15.0,2500000,active,2025-04-27,"פרטי קשר סינתטיים לדוגמה, יש להחליף בנתוני אמת",synthetic
AGY_07,פובליסיס,פובליסיס,Publicis,מדיה מלא,גלית שרון,מנהלת לקוח,052-5100013,galit@publicis.example,עומר דיין,מנהל דיגיטל ושידור,052-5100014,omer@publicis.example,תל אביב,ראול ולנברג 24,513200007,60,4.0,15.0,2000000,active,2025-04-27,"פרטי קשר סינתטיים לדוגמה, יש להחליף בנתוני אמת",synthetic
AGY_08,פיתוח עסקי,פיתוח עסקי,,בוטיק,אייל נחום,בעלים,052-5100015,eyal@pituach.example,,,,,חיפה,הנמל 40,513200008,60,2.5,15.0,250000,active,2025-04-27,"פרטי קשר סינתטיים לדוגמה, יש להחליף בנתוני אמת",synthetic
AGY_09,רואים קונים,רואים קונים,,בוטיק,דנה פרץ,בעלים,052-5100016,dana@roim.example,,,,,ראשון לציון,רוטשילד 12,513200009,60,2.5,15.0,250000,active,2025-04-27,"פרטי קשר סינתטיים לדוגמה, יש להחליף בנתוני אמת",synthetic
