record_type,campaign_id,flight_id,name,advertiser,agency_id,status,starts_on,ends_on,goal_kind,goal_value,rebate_percent,surcharge_discount_percent,surcharge_weekdays,notes,created_at,created_by,data_source,channel,brand,category,budget_ils,bonus_ils,rating_goal_points,rating_goal_audience,price_model,priority,pacing_mode,is_demo,demo_note
campaign,CMP_D001,,2023-07 - סנו - סנו מקסימה,סנו,AGY_04,active,2025-04-27,2025-05-03,,,,,,,2026-08-02T03:54:47+00:00,,demo_seed,רשת 13,סנו מקסימה,,46200.00,,65.00,all_viewers,cpp,,,true,"Seed rule: the flight is the Israeli broadcast week, Sunday to Saturday, containing every airing observed in the traffic file. Seed rule: the budget and the rating goal are the observed figures scaled by flight days over sourced days. They are the seed's, not a signed insertion order."
flight,CMP_D001,CMP_D001_F1,2023-07 - סנו - סנו מקסימה,,,,2025-04-27,2025-05-03,grp,65.00,,,,,2026-08-02T03:54:47+00:00,,,,,,,,,,,,,true,"Seed rule: the flight is the Israeli broadcast week, Sunday to Saturday, containing every airing observed in the traffic file. Seed rule: the budget and the rating goal are the observed figures scaled by flight days over sourced days. They are the seed's, not a signed insertion order."
campaign,CMP_D002,,2023-09 - טבע — טבע קיירגיברס - איתי לוי,טבע,AGY_02,active,2025-04-27,2025-05-03,,,,,,,2026-08-02T03:54:47+00:00,,demo_seed,רשת 13,,,13200.00,,70.00,all_viewers,flat,,,true,"Seed rule: the flight is the Israeli broadcast week, Sunday to Saturday, containing every airing observed in the traffic file. Seed rule: the budget and the rating goal are the observed figures scaled by flight days over sourced days. They are the seed's, not a signed insertion order."
flight,CMP_D002,CMP_D002_F1,2023-09 - טבע — טבע קיירגיברס - איתי לוי,,,,2025-04-27,2025-05-03,grp,70.00,,,,,2026-08-02T03:54:47+00:00,,,,,,,,,,,,,true,"Seed rule: the flight is the Israeli broadcast week, Sunday to Saturday, containing every airing observed in the traffic file. Seed rule: the budget and the rating goal are the observed figures scaled by flight days over sourced days. They are the seed's, not a signed insertion order."
campaign,CMP_D003,,2024-01 - סנו - קרליין — שמפו ארגן מאיה קיי,סנו,AGY_04,active,2025-04-27,2025-05-03,,,,,,,2026-08-02T03:54:47+00:00,,demo_seed,רשת 13,קרליין,,55900.00,,100.00,all_viewers,cpp,,,true,"Seed rule: the flight is the Israeli broadcast week, Sunday to Saturday, containing every airing observed in the traffic file. Seed rule: the budget and the rating goal are the observed figures scaled by flight days over sourced days. They are the seed's, not a signed insertion order."
flight,CMP_D003,CMP_D003_F1,2024-01 - סנו - קרליין — שמפו ארגן מאיה קיי,,,,2025-04-27,2025-05-03,grp,100.00,,,,,2026-08-02T03:54:47+00:00,,,,,,,,,,,,,true,"Seed rule: the flight is the Israeli broadcast week, Sunday to Saturday, containing every airing observed in the traffic file. Seed rule: the budget and the rating goal are the observed figures scaled by flight days over sourced days. They are the seed's, not a signed insertion order."
campaign,CMP_D004,,"2024-03 - סיימן בע""מ - סנדלפור","סיימן בע""מ",AGY_02,active,2025-04-27,2025-05-03,,,,,,,2026-08-02T03:54:47+00:00,,demo_seed,רשת 13,סנדלפור,,29400.00,,50.00,all_viewers,cpp,,,true,"Seed rule: the flight is the Israeli broadcast week, Sunday to Saturday, containing every airing observed in the traffic file. Seed rule: the budget and the rating goal are the observed figures scaled by flight days over sourced days. They are the seed's, not a signed insertion order."
flight,CMP_D004,CMP_D004_F1,"2024-03 - סיימן בע""מ - סנדלפור",,,,2025-04-27,2025-05-03,grp,50.00,,,,,2026-08-02T03:54:47+00:00,,,,,,,,,,,,,true,"Seed rule: the flight is the Israeli broadcast week, Sunday to Saturday, containing every airing observed in the traffic file. Seed rule: the budget and the rating goal are the observed figures scaled by flight days over sourced days. They are the seed's, not a signed insertion order."
campaign,CMP_D005,,2024-05 - ביטוח לאומי - יום הזיכרון נפגעי פעולות איבה,ביטוח לאומי,AGY_05,active,2025-04-27,2025-05-03,,,,,,,2026-08-02T03:54:47+00:00,,demo_seed,רשת 13,יום הזיכרון נפגעי פעולות איבה,,193100.00,,80.00,all_viewers,cpp,,,true,"Seed rule: the flight is the Israeli broadcast week, Sunday to Saturday, containing every airing observed in the traffic file. Seed rule: the budget and the rating goal are the observed figures scaled by flight days over sourced days. They are the seed's, not a signed insertion order."
flight,CMP_D005,CMP_D005_F1,2024-05 - ביטוח לאומי - יום הזיכרון נפגעי פעולות איבה,,,,2025-04-27,2025-05-03,grp,80.00,,,,,2026-08-02T03:54:47+00:00,,,,,,,,,,,,,true,"Seed rule: the flight is the Israeli broadcast week, Sunday to Saturday, containing every airing observed in the traffic file. Seed rule: the budget and the rating goal are the observed figures scaled by flight days over sourced days. They are the seed's, not a signed insertion order."
campaign,CMP_D006,,2024-05 - תדהר — תדהר אחריות 10 שנים קמפיין השקה - סרט ראשי,תדהר,AGY_02,active,2025-04-27,2025-05-03,,,,,,,2026-08-02T03:54:47+00:00,,demo_seed,רשת 13,,,9900.00,,60.00,all_viewers,flat,,,true,"Seed rule: the flight is the Israeli broadcast week, Sunday to Saturday, containing every airing observed in the traffic file. Seed rule: the budget and the rating goal are the observed figures scaled by flight days over sourced days. They are the seed's, not a signed insertion order."
flight,CMP_D006,CMP_D006_F1,2024-05 - תדהר — תדהר אחריות 10 שנים קמפיין השקה - סרט ראשי,,,,2025-04-27,2025-05-03,grp,60.00,,,,,2026-08-02T03:54:47+00:00,,,,,,,,,,,,,true,"Seed rule: the flight is the Israeli broadcast week, Sunday to Saturday, containing every airing observed in the traffic file. Seed rule: the budget and the rating goal are the observed figures scaled by flight days over sourced days. They are the seed's, not a signed insertion order."
campaign,CMP_D007,,2024-08 - טבע — מיגרנה- טבעי שתשאלו בני משפחה,טבע,AGY_02,active,2025-04-27,2025-05-03,,,,,,,2026-08-02T03:54:47+00:00,,demo_seed,רשת 13,,,,,40.00,all_viewers,flat,,,true,"Seed rule: the flight is the Israeli broadcast week, Sunday to Saturday, containing every airing observed in the traffic file. Seed rule: the budget and the rating goal are the observed figures scaled by flight days over sourced days. They are the seed's, not a signed insertion order."
flight,CMP_D007,CMP_D007_F1,2024-08 - טבע — מיגרנה- טבעי שתשאלו בני משפחה,,,,2025-04-27,2025-05-03,grp,40.00,,,,,2026-08-02T03:54:47+00:00,,,,,,,,,,,,,true,"Seed rule: the flight is the Israeli broadcast week, Sunday to Saturday, containing every airing observed in the traffic file. Seed rule: the budget and the rating goal are the observed figures scaled by flight days over sourced days. They are the seed's, not a signed insertion order."
campaign,CMP_D008,,2024-10 - ישראכרט — ישראכרט - אחרי החגים,ישראכרט,AGY_02,active,2025-04-27,2025-05-03,,,,,,,2026-08-02T03:54:47+00:00,,demo_seed,רשת 13,,,24600.00,,55.00,all_viewers,cpp,,,true,"Seed rule: the flight is the Israeli broadcast week, Sunday to Saturday, containing every airing observed in the traffic file. Seed rule: the budget and the rating goal are the observed figures scaled by flight days over sourced days. They are the seed's, not a signed insertion order."
flight,CMP_D008,CMP_D008_F1,2024-10 - ישראכרט — ישראכרט - אחרי החגים,,,,2025-04-27,2025-05-03,grp,55.00,,,,,2026-08-02T03:54:47+00:00,,,,,,,,,,,,,true,"Seed rule: the flight is the Israeli broadcast week, Sunday to Saturday, containing every airing observed in the traffic file. Seed rule: the budget and the rating goal are the observed figures scaled by flight days over sourced days. They are the seed's, not a signed insertion order."
campaign,CMP_D009,,2024-11 - דוד לובינסקי - אמ ג'י — MG,דוד לובינסקי,AGY_02,active,2025-04-27,2025-05-03,,,,,,,2026-08-02T03:54:47+00:00,,demo_seed,רשת 13,אמ ג'י,,72600.00,,40.00,all_viewers,cpp,,,true,"Seed rule: the flight is the Israeli broadcast week, Sunday to Saturday, containing every airing observed in the traffic file. Seed rule: the budget and the rating goal are the observed figures scaled by flight days over sourced days. They are the seed's, not a signed insertion order."
flight,CMP_D009,CMP_D009_F1,2024-11 - דוד לובינסקי - אמ ג'י — MG,,,,2025-04-27,2025-05-03,grp,40.00,,,,,2026-08-02T03:54:47+00:00,,,,,,,,,,,,,true,"Seed rule: the flight is the Israeli broadcast week, Sunday to Saturday, containing every airing observed in the traffic file. Seed rule: the budget and the rating goal are the observed figures scaled by flight days over sourced days. They are the seed's, not a signed insertion order."
campaign,CMP_D010,,2024-12 - דוד לובינסקי,דוד לובינסקי,AGY_02,active,2025-04-27,2025-05-03,,,,,,,2026-08-02T03:54:47+00:00,,demo_seed,רשת 13,,,107500.00,,185.00,all_viewers,,,,true,"Seed rule: the flight is the Israeli broadcast week, Sunday to Saturday, containing every airing observed in the traffic file. Seed rule: the budget and the rating goal are the observed figures scaled by flight days over sourced days. They are the seed's, not a signed insertion order."
flight,CMP_D010,CMP_D010_F1,2024-12 - דוד לובינסקי,,,,2025-04-27,2025-05-03,grp,185.00,,,,,2026-08-02T03:54:47+00:00,,,,,,,,,,,,,true,"Seed rule: the flight is the Israeli broadcast week, Sunday to Saturday, containing every airing observed in the traffic file. Seed rule: the budget and the rating goal are the observed figures scaled by flight days over sourced days. They are the seed's, not a signed insertion order."
campaign,CMP_D011,,2025-01 - אי. בי. אי בית השקעות - אי בי איי — חסויות 2025,אי.בי.אי בית השקעות,AGY_07,active,2025-04-27,2025-05-03,,,,,,,2026-08-02T03:54:47+00:00,,demo_seed,רשת 13,,,6600.00,,40.00,all_viewers,flat,,,true,"Seed rule: the flight is the Israeli broadcast week, Sunday to Saturday, containing every airing observed in the traffic file. Seed rule: the budget and the rating goal are the observed figures scaled by flight days over sourced days. They are the seed's, not a signed insertion order."
flight,CMP_D011,CMP_D011_F1,2025-01 - אי. בי. אי בית השקעות - אי בי איי — חסויות 2025,,,,2025-04-27,2025-05-03,grp,40.00,,,,,2026-08-02T03:54:47+00:00,,,,,,,,,,,,,true,"Seed rule: the flight is the Israeli broadcast week, Sunday to Saturday, containing every airing observed in the traffic file. Seed rule: the budget and the rating goal are the observed figures scaled by flight days over sourced days. They are the seed's, not a signed insertion order."
campaign,CMP_D012,,2025-01 - בית בכפר,בית בכפר,AGY_09,active,2025-04-27,2025-05-03,,,,,,,2026-08-02T03:54:47+00:00,,demo_seed,רשת 13,,,113800.00,,80.00,all_viewers,cpp,,,true,"Seed rule: the flight is the Israeli broadcast week, Sunday to Saturday, containing every airing observed in the traffic file. Seed rule: the budget and the rating goal are the observed figures scaled by flight days over sourced days. They are the seed's, not a signed insertion order."
flight,CMP_D012,CMP_D012_F1,2025-01 - בית בכפר,,,,2025-04-27,2025-05-03,grp,80.00,,,,,2026-08-02T03:54:47+00:00,,,,,,,,,,,,,true,"Seed rule: the flight is the Israeli broadcast week, Sunday to Saturday, containing every airing observed in the traffic file. Seed rule: the budget and the rating goal are the observed figures scaled by flight days over sourced days. They are the seed's, not a signed insertion order."
campaign,CMP_D013,,2025-01 - כלמוביל - יונדאי — קמפיין ינואר - איוניק 5,כלמוביל,AGY_01,active,2025-04-27,2025-05-03,,,,,,,2026-08-02T03:54:47+00:00,,demo_seed,רשת 13,יונדאי,,27300.00,,355.00,all_viewers,,,,true,"Seed rule: the flight is the Israeli broadcast week, Sunday to Saturday, containing every airing observed in the traffic file. Seed rule: the budget and the rating goal are the observed figures scaled by flight days over sourced days. They are the seed's, not a signed insertion order."
flight,CMP_D013,CMP_D013_F1,2025-01 - כלמוביל - יונדאי — קמפיין ינואר - איוניק 5,,,,2025-04-27,2025-05-03,grp,355.00,,,,,2026-08-02T03:54:47+00:00,,,,,,,,,,,,,true,"Seed rule: the flight is the Israeli broadcast week, Sunday to Saturday, containing every airing observed in the traffic file. Seed rule: the budget and the rating goal are the observed figures scaled by flight days over sourced days. They are the seed's, not a signed insertion order."
campaign,CMP_D014,,2025-01 - לבנת פורן המרכז למימוש זכויות רפואיות - לבנת פורן,המרכז למימוש זכויות רפואיות,AGY_01,active,2025-04-27,2025-05-03,,,,,,,2026-08-02T03:54:47+00:00,,demo_seed,רשת 13,,,27300.00,,55.00,all_viewers,,,,true,"Seed rule: the flight is the Israeli broadcast week, Sunday to Saturday, containing every airing observed in the traffic file. Seed rule: the budget and the rating goal are the observed figures scaled by flight days over sourced days. They are the seed's, not a signed insertion order."
flight,CMP_D014,CMP_D014_F1,2025-01 - לבנת פורן המרכז למימוש זכויות רפואיות - לבנת פורן,,,,2025-04-27,2025-05-03,grp,55.00,,,,,2026-08-02T03:54:47+00:00,,,,,,,,,,,,,true,"Seed rule: the flight is the Israeli broadcast week, Sunday to Saturday, containing every airing observed in the traffic file. Seed rule: the budget and the rating goal are the observed figures scaled by flight days over sourced days. They are the seed's, not a signed insertion order."
campaign,CMP_D015,,2025-02 - כלמוביל - יונדאי — יונדאי וניו,כלמוביל,AGY_01,active,2025-04-27,2025-05-03,,,,,,,2026-08-02T03:54:47+00:00,,demo_seed,רשת 13,יונדאי,,22700.00,,120.00,all_viewers,flat,,,true,"Seed rule: the flight is the Israeli broadcast week, Sunday to Saturday, containing every airing observed in the traffic file. Seed rule: the budget and the rating goal are the observed figures scaled by flight days over sourced days. They are the seed's, not a signed insertion order."
flight,CMP_D015,CMP_D015_F1,2025-02 - כלמוביל - יונדאי — יונדאי וניו,,,,2025-04-27,2025-05-03,grp,120.00,,,,,2026-08-02T03:54:47+00:00,,,,,,,,,,,,,true,"Seed rule: the flight is the Israeli broadcast week, Sunday to Saturday, containing every airing observed in the traffic file. Seed rule: the budget and the rating goal are the observed figures scaled by flight days over sourced days. They are the seed's, not a signed insertion order."
campaign,CMP_D016,,2025-02 - מדיפוד - סלייס,מדיפוד,AGY_02,active,2025-04-27,2025-05-03,,,,,,,2026-08-02T03:54:47+00:00,,demo_seed,רשת 13,סלייס,,11000.00,,40.00,all_viewers,cpp,,,true,"Seed rule: the flight is the Israeli broadcast week, Sunday to Saturday, containing every airing observed in the traffic file. Seed rule: the budget and the rating goal are the observed figures scaled by flight days over sourced days. They are the seed's, not a signed insertion order."
flight,CMP_D016,CMP_D016_F1,2025-02 - מדיפוד - סלייס,,,,2025-04-27,2025-05-03,grp,40.00,,,,,2026-08-02T03:54:47+00:00,,,,,,,,,,,,,true,"Seed rule: the flight is the Israeli broadcast week, Sunday to Saturday, containing every airing observed in the traffic file. Seed rule: the budget and the rating goal are the observed figures scaled by flight days over sourced days. They are the seed's, not a signed insertion order."
campaign,CMP_D017,,2025-02 - מי עדן - מי עדן סודה — מי עדן סודה חדש,מי עדן,AGY_02,active,2025-04-27,2025-05-03,,,,,,,2026-08-02T03:54:47+00:00,,demo_seed,רשת 13,מי עדן סודה,,49200.00,,55.00,all_viewers,cpp,,,true,"Seed rule: the flight is the Israeli broadcast week, Sunday to Saturday, containing every airing observed in the traffic file. Seed rule: the budget and the rating goal are the observed figures scaled by flight days over sourced days. They are the seed's, not a signed insertion order."
flight,CMP_D017,CMP_D017_F1,2025-02 - מי עדן - מי עדן סודה — מי עדן סודה חדש,,,,2025-04-27,2025-05-03,grp,55.00,,,,,2026-08-02T03:54:47+00:00,,,,,,,,,,,,,true,"Seed rule: the flight is the Israeli broadcast week, Sunday to Saturday, containing every airing observed in the traffic file. Seed rule: the budget and the rating goal are the observed figures scaled by flight days over sourced days. They are the seed's, not a signed insertion order."
campaign,CMP_D018,,2025-02 - פקטורי 54,פקטורי 54,AGY_04,active,2025-04-27,2025-05-03,,,,,,,2026-08-02T03:54:47+00:00,,demo_seed,רשת 13,,,39000.00,,165.00,all_viewers,flat,,,true,"Seed rule: the flight is the Israeli broadcast week, Sunday to Saturday, containing every airing observed in the traffic file. Seed rule: the budget and the rating goal are the observed figures scaled by flight days over sourced days. They are the seed's, not a signed insertion order."
flight,CMP_D018,CMP_D018_F1,2025-02 - פקטורי 54,,,,2025-04-27,2025-05-03,grp,165.00,,,,,2026-08-02T03:54:47+00:00,,,,,,,,,,,,,true,"Seed rule: the flight is the Israeli broadcast week, Sunday to Saturday, containing every airing observed in the traffic file. Seed rule: the budget and the rating goal are the observed figures scaled by flight days over sourced days. They are the seed's, not a signed insertion order."
campaign,CMP_D019,,2025-03 - הפניקס סמארט — ביטוח רכב -סרטי המורה- מחליפות,הפניקס,AGY_03,active,2025-04-27,2025-05-03,,,,,,,2026-08-02T03:54:47+00:00,,demo_seed,רשת 13,,,91300.00,,70.00,all_viewers,cpp,,,true,"Seed rule: the flight is the Israeli broadcast week, Sunday to Saturday, containing every airing observed in the traffic file. Seed rule: the budget and the rating goal are the observed figures scaled by flight days over sourced days. They are the seed's, not a signed insertion order."
flight,CMP_D019,CMP_D019_F1,2025-03 - הפניקס סמארט — ביטוח רכב -סרטי המורה- מחליפות,,,,2025-04-27,2025-05-03,grp,70.00,,,,,2026-08-02T03:54:47+00:00,,,,,,,,,,,,,true,"Seed rule: the flight is the Israeli broadcast week, Sunday to Saturday, containing every airing observed in the traffic file. Seed rule: the budget and the rating goal are the observed figures scaled by flight days over sourced days. They are the seed's, not a signed insertion order."
campaign,CMP_D020,,2025-03 - פריסבי - צ'רי טיגו 8,פריסבי,AGY_01,active,2025-04-27,2025-05-03,,,,,,,2026-08-02T03:54:47+00:00,,demo_seed,רשת 13,צ'רי טיגו 8,,11100.00,,100.00,all_viewers,flat,,,true,"Seed rule: the flight is the Israeli broadcast week, Sunday to Saturday, containing every airing observed in the traffic file. Seed rule: the budget and the rating goal are the observed figures scaled by flight days over sourced days. They are the seed's, not a signed insertion order."
flight,CMP_D020,CMP_D020_F1,2025-03 - פריסבי - צ'רי טיגו 8,,,,2025-04-27,2025-05-03,grp,100.00,,,,,2026-08-02T03:54:47+00:00,,,,,,,,,,,,,true,"Seed rule: the flight is the Israeli broadcast week, Sunday to Saturday, containing every airing observed in the traffic file. Seed rule: the budget and the rating goal are the observed figures scaled by flight days over sourced days. They are the seed's, not a signed insertion order."
campaign,CMP_D021,,2025-04 - אופטיקנה,אופטיקנה,AGY_02,active,2025-04-27,2025-05-03,,,,,,,2026-08-02T03:54:47+00:00,,demo_seed,רשת 13,,,209800.00,,125.00,all_viewers,cpp,,,true,"Seed rule: the flight is the Israeli broadcast week, Sunday to Saturday, containing every airing observed in the traffic file. Seed rule: the budget and the rating goal are the observed figures scaled by flight days over sourced days. They are the seed's, not a signed insertion order."
flight,CMP_D021,CMP_D021_F1,2025-04 - אופטיקנה,,,,2025-04-27,2025-05-03,grp,125.00,,,,,2026-08-02T03:54:47+00:00,,,,,,,,,,,,,true,"Seed rule: the flight is the Israeli broadcast week, Sunday to Saturday, containing every airing observed in the traffic file. Seed rule: the budget and the rating goal are the observed figures scaled by flight days over sourced days. They are the seed's, not a signed insertion order."
campaign,CMP_D022,,2025-04 - אסם - צבר — חסות יום העצמאות,אסם,AGY_02,active,2025-04-27,2025-05-03,,,,,,,2026-08-02T03:54:47+00:00,,demo_seed,רשת 13,צבר,,40400.00,,150.00,all_viewers,flat,,,true,"Seed rule: the flight is the Israeli broadcast week, Sunday to Saturday, containing every airing observed in the traffic file. Seed rule: the budget and the rating goal are the observed figures scaled by flight days over sourced days. They are the seed's, not a signed insertion order."
flight,CMP_D022,CMP_D022_F1,2025-04 - אסם - צבר — חסות יום העצמאות,,,,2025-04-27,2025-05-03,grp,150.00,,,,,2026-08-02T03:54:47+00:00,,,,,,,,,,,,,true,"Seed rule: the flight is the Israeli broadcast week, Sunday to Saturday, containing every airing observed in the traffic file. Seed rule: the budget and the rating goal are the observed figures scaled by flight days over sourced days. They are the seed's, not a signed insertion order."
campaign,CMP_D023,,2025-04 - ביטוח ישיר — ביטוח ישיר- סרט אג'נדה,ביטוח ישיר,AGY_03,active,2025-04-27,2025-05-03,,,,,,,2026-08-02T03:54:47+00:00,,demo_seed,רשת 13,,,124300.00,,65.00,all_viewers,cpp,,,true,"Seed rule: the flight is the Israeli broadcast week, Sunday to Saturday, containing every airing observed in the traffic file. Seed rule: the budget and the rating goal are the observed figures scaled by flight days over sourced days. They are the seed's, not a signed insertion order."
flight,CMP_D023,CMP_D023_F1,2025-04 - ביטוח ישיר — ביטוח ישיר- סרט אג'נדה,,,,2025-04-27,2025-05-03,grp,65.00,,,,,2026-08-02T03:54:47+00:00,,,,,,,,,,,,,true,"Seed rule: the flight is the Israeli broadcast week, Sunday to Saturday, containing every airing observed in the traffic file. Seed rule: the budget and the rating goal are the observed figures scaled by flight days over sourced days. They are the seed's, not a signed insertion order."
campaign,CMP_D024,,2025-04 - בנק הפועלים — קמפיין מתחתנים,בנק הפועלים,AGY_01,active,2025-04-27,2025-05-03,,,,,,,2026-08-02T03:54:47+00:00,,demo_seed,רשת 13,,,325700.00,,220.00,all_viewers,,,,true,"Seed rule: the flight is the Israeli broadcast week, Sunday to Saturday, containing every airing observed in the traffic file. Seed rule: the budget and the rating goal are the observed figures scaled by flight days over sourced days. They are the seed's, not a signed insertion order."
flight,CMP_D024,CMP_D024_F1,2025-04 - בנק הפועלים — קמפיין מתחתנים,,,,2025-04-27,2025-05-03,grp,220.00,,,,,2026-08-02T03:54:47+00:00,,,,,,,,,,,,,true,"Seed rule: the flight is the Israeli broadcast week, Sunday to Saturday, containing every airing observed in the traffic file. Seed rule: the budget and the rating goal are the observed figures scaled by flight days over sourced days. They are the seed's, not a signed insertion order."
campaign,CMP_D025,,2025-04 - בנק מזרחי טפחות — אומגה,בנק מזרחי טפחות,AGY_02,active,2025-04-27,2025-05-03,,,,,,,2026-08-02T03:54:47+00:00,,demo_seed,רשת 13,,,146800.00,,200.00,all_viewers,,,,true,"Seed rule: the flight is the Israeli broadcast week, Sunday to Saturday, containing every airing observed in the traffic file. Seed rule: the budget and the rating goal are the observed figures scaled by flight days over sourced days. They are the seed's, not a signed insertion order."
flight,CMP_D025,CMP_D025_F1,2025-04 - בנק מזרחי טפחות — אומגה,,,,2025-04-27,2025-05-03,grp,200.00,,,,,2026-08-02T03:54:47+00:00,,,,,,,,,,,,,true,"Seed rule: the flight is the Israeli broadcast week, Sunday to Saturday, containing every airing observed in the traffic file. Seed rule: the budget and the rating goal are the observed figures scaled by flight days over sourced days. They are the seed's, not a signed insertion order."
campaign,CMP_D026,,2025-04 - חן ואיתי גינדי וקבוצת שבירו - חן ואיתי גינדי,חן ואיתי גינדי,AGY_02,active,2025-04-27,2025-05-03,,,,,,,2026-08-02T03:54:47+00:00,,demo_seed,רשת 13,,,68300.00,,80.00,all_viewers,cpp,,,true,"Seed rule: the flight is the Israeli broadcast week, Sunday to Saturday, containing every airing observed in the traffic file. Seed rule: the budget and the rating goal are the observed figures scaled by flight days over sourced days. They are the seed's, not a signed insertion order."
flight,CMP_D026,CMP_D026_F1,2025-04 - חן ואיתי גינדי וקבוצת שבירו - חן ואיתי גינדי,,,,2025-04-27,2025-05-03,grp,80.00,,,,,2026-08-02T03:54:47+00:00,,,,,,,,,,,,,true,"Seed rule: the flight is the Israeli broadcast week, Sunday to Saturday, containing every airing observed in the traffic file. Seed rule: the budget and the rating goal are the observed figures scaled by flight days over sourced days. They are the seed's, not a signed insertion order."
campaign,CMP_D027,,2025-04 - טבע — דואגים למטפלים- איתי לוי,טבע,AGY_02,active,2025-04-27,2025-05-03,,,,,,,2026-08-02T03:54:47+00:00,,demo_seed,רשת 13,,,,,40.00,all_viewers,cpp,,,true,"Seed rule: the flight is the Israeli broadcast week, Sunday to Saturday, containing every airing observed in the traffic file. Seed rule: the budget and the rating goal are the observed figures scaled by flight days over sourced days. They are the seed's, not a signed insertion order."
flight,CMP_D027,CMP_D027_F1,2025-04 - טבע — דואגים למטפלים- איתי לוי,,,,2025-04-27,2025-05-03,grp,40.00,,,,,2026-08-02T03:54:47+00:00,,,,,,,,,,,,,true,"Seed rule: the flight is the Israeli broadcast week, Sunday to Saturday, containing every airing observed in the traffic file. Seed rule: the budget and the rating goal are the observed figures scaled by flight days over sourced days. They are the seed's, not a signed insertion order."
campaign,CMP_D028,,2025-04 - טבע — מיגרנה - טבעי שתשאלו בני משפחה 2025,טבע,AGY_02,active,2025-04-27,2025-05-03,,,,,,,2026-08-02T03:54:47+00:00,,demo_seed,רשת 13,,,73300.00,,95.00,all_viewers,cpp,,,true,"Seed rule: the flight is the Israeli broadcast week, Sunday to Saturday, containing every airing observed in the traffic file. Seed rule: the budget and the rating goal are the observed figures scaled by flight days over sourced days. They are the seed's, not a signed insertion order."
flight,CMP_D028,CMP_D028_F1,2025-04 - טבע — מיגרנה - טבעי שתשאלו בני משפחה 2025,,,,2025-04-27,2025-05-03,grp,95.00,,,,,2026-08-02T03:54:47+00:00,,,,,,,,,,,,,true,"Seed rule: the flight is the Israeli broadcast week, Sunday to Saturday, containing every airing observed in the traffic file. Seed rule: the budget and the rating goal are the observed figures scaled by flight days over sourced days. They are the seed's, not a signed insertion order."
campaign,CMP_D029,,2025-04 - טורנדו מוצרי צריכה - טורנדו — טורנדו אמיגו שירות,טורנדו מוצרי צריכה,AGY_02,active,2025-04-27,2025-05-03,,,,,,,2026-08-02T03:54:47+00:00,,demo_seed,רשת 13,טורנדו,,327600.00,,105.00,all_viewers,cpp,,,true,"Seed rule: the flight is the Israeli broadcast week, Sunday to Saturday, containing every airing observed in the traffic file. Seed rule: the budget and the rating goal are the observed figures scaled by flight days over sourced days. They are the seed's, not a signed insertion order."
flight,CMP_D029,CMP_D029_F1,2025-04 - טורנדו מוצרי צריכה - טורנדו — טורנדו אמיגו שירות,,,,2025-04-27,2025-05-03,grp,105.00,,,,,2026-08-02T03:54:47+00:00,,,,,,,,,,,,,true,"Seed rule: the flight is the Israeli broadcast week, Sunday to Saturday, containing every airing observed in the traffic file. Seed rule: the budget and the rating goal are the observed figures scaled by flight days over sourced days. They are the seed's, not a signed insertion order."
campaign,CMP_D030,,"2025-04 - טמפו - גולדסטאר — תשדירי 6"" גולדסטאר- אפריל 25",טמפו,AGY_02,active,2025-04-27,2025-05-03,,,,,,,2026-08-02T03:54:47+00:00,,demo_seed,רשת 13,גולדסטאר,,,,20.00,all_viewers,cpp,,,true,"Seed rule: the flight is the Israeli broadcast week, Sunday to Saturday, containing every airing observed in the traffic file. Seed rule: the budget and the rating goal are the observed figures scaled by flight days over sourced days. They are the seed's, not a signed insertion order."
flight,CMP_D030,CMP_D030_F1,"2025-04 - טמפו - גולדסטאר — תשדירי 6"" גולדסטאר- אפריל 25",,,,2025-04-27,2025-05-03,grp,20.00,,,,,2026-08-02T03:54:47+00:00,,,,,,,,,,,,,true,"Seed rule: the flight is the Israeli broadcast week, Sunday to Saturday, containing every airing observed in the traffic file. Seed rule: the budget and the rating goal are the observed figures scaled by flight days over sourced days. They are the seed's, not a signed insertion order."
campaign,CMP_D031,,2025-04 - טמפו — הכי אנחנו,טמפו,AGY_02,active,2025-04-27,2025-05-03,,,,,,,2026-08-02T03:54:47+00:00,,demo_seed,רשת 13,,,21900.00,,20.00,all_viewers,cpp,,,true,"Seed rule: the flight is the Israeli broadcast week, Sunday to Saturday, containing every airing observed in the traffic file. Seed rule: the budget and the rating goal are the observed figures scaled by flight days over sourced days. They are the seed's, not a signed insertion order."
flight,CMP_D031,CMP_D031_F1,2025-04 - טמפו — הכי אנחנו,,,,2025-04-27,2025-05-03,grp,20.00,,,,,2026-08-02T03:54:47+00:00,,,,,,,,,,,,,true,"Seed rule: the flight is the Israeli broadcast week, Sunday to Saturday, containing every airing observed in the traffic file. Seed rule: the budget and the rating goal are the observed figures scaled by flight days over sourced days. They are the seed's, not a signed insertion order."
campaign,CMP_D032,,2025-04 - ישראל היום — ישראל היום  - אפריל 2025,ישראל היום,AGY_04,active,2025-04-27,2025-05-03,,,,,,,2026-08-02T03:54:47+00:00,,demo_seed,רשת 13,,,138500.00,,80.00,all_viewers,cpp,,,true,"Seed rule: the flight is the Israeli broadcast week, Sunday to Saturday, containing every airing observed in the traffic file. Seed rule: the budget and the rating goal are the observed figures scaled by flight days over sourced days. They are the seed's, not a signed insertion order."
flight,CMP_D032,CMP_D032_F1,2025-04 - ישראל היום — ישראל היום  - אפריל 2025,,,,2025-04-27,2025-05-03,grp,80.00,,,,,2026-08-02T03:54:47+00:00,,,,,,,,,,,,,true,"Seed rule: the flight is the Israeli broadcast week, Sunday to Saturday, containing every airing observed in the traffic file. Seed rule: the budget and the rating goal are the observed figures scaled by flight days over sourced days. They are the seed's, not a signed insertion order."
campaign,CMP_D033,,2025-04 - ישרוטל — ישרוטל עצמאות 2025,ישרוטל,AGY_02,active,2025-04-27,2025-05-03,,,,,,,2026-08-02T03:54:47+00:00,,demo_seed,רשת 13,,,223100.00,,180.00,all_viewers,,,,true,"Seed rule: the flight is the Israeli broadcast week, Sunday to Saturday, containing every airing observed in the traffic file. Seed rule: the budget and the rating goal are the observed figures scaled by flight days over sourced days. They are the seed's, not a signed insertion order."
flight,CMP_D033,CMP_D033_F1,2025-04 - ישרוטל — ישרוטל עצמאות 2025,,,,2025-04-27,2025-05-03,grp,180.00,,,,,2026-08-02T03:54:47+00:00,,,,,,,,,,,,,true,"Seed rule: the flight is the Israeli broadcast week, Sunday to Saturday, containing every airing observed in the traffic file. Seed rule: the budget and the rating goal are the observed figures scaled by flight days over sourced days. They are the seed's, not a signed insertion order."
campaign,CMP_D034,,2025-04 - כלמוביל - יונדאי — יונדאי טוסון תדמית 20 שנה,כלמוביל,AGY_01,active,2025-04-27,2025-05-03,,,,,,,2026-08-02T03:54:47+00:00,,demo_seed,רשת 13,יונדאי,,36100.00,,140.00,all_viewers,cpp,,,true,"Seed rule: the flight is the Israeli broadcast week, Sunday to Saturday, containing every airing observed in the traffic file. Seed rule: the budget and the rating goal are the observed figures scaled by flight days over sourced days. They are the seed's, not a signed insertion order."
flight,CMP_D034,CMP_D034_F1,2025-04 - כלמוביל - יונדאי — יונדאי טוסון תדמית 20 שנה,,,,2025-04-27,2025-05-03,grp,140.00,,,,,2026-08-02T03:54:47+00:00,,,,,,,,,,,,,true,"Seed rule: the flight is the Israeli broadcast week, Sunday to Saturday, containing every airing observed in the traffic file. Seed rule: the budget and the rating goal are the observed figures scaled by flight days over sourced days. They are the seed's, not a signed insertion order."
campaign,CMP_D035,,2025-04 - כלמוביל - מרצדס — מרצדס STAR LEASE,כלמוביל,AGY_01,active,2025-04-27,2025-05-03,,,,,,,2026-08-02T03:54:47+00:00,,demo_seed,רשת 13,מרצדס,,74800.00,,250.00,all_viewers,,,,true,"Seed rule: the flight is the Israeli broadcast week, Sunday to Saturday, containing every airing observed in the traffic file. Seed rule: the budget and the rating goal are the observed figures scaled by flight days over sourced days. They are the seed's, not a signed insertion order."
flight,CMP_D035,CMP_D035_F1,2025-04 - כלמוביל - מרצדס — מרצדס STAR LEASE,,,,2025-04-27,2025-05-03,grp,250.00,,,,,2026-08-02T03:54:47+00:00,,,,,,,,,,,,,true,"Seed rule: the flight is the Israeli broadcast week, Sunday to Saturday, containing every airing observed in the traffic file. Seed rule: the budget and the rating goal are the observed figures scaled by flight days over sourced days. They are the seed's, not a signed insertion order."
campaign,CMP_D036,,2025-04 - מגדל - מגדל ביטוח — השקעה ישראלית - יום העצמאות,מגדל,AGY_01,active,2025-04-27,2025-05-03,,,,,,,2026-08-02T03:54:47+00:00,,demo_seed,רשת 13,מגדל ביטוח,,293000.00,,235.00,all_viewers,,,,true,"Seed rule: the flight is the Israeli broadcast week, Sunday to Saturday, containing every airing observed in the traffic file. Seed rule: the budget and the rating goal are the observed figures scaled by flight days over sourced days. They are the seed's, not a signed insertion order."
flight,CMP_D036,CMP_D036_F1,2025-04 - מגדל - מגדל ביטוח — השקעה ישראלית - יום העצמאות,,,,2025-04-27,2025-05-03,grp,235.00,,,,,2026-08-02T03:54:47+00:00,,,,,,,,,,,,,true,"Seed rule: the flight is the Israeli broadcast week, Sunday to Saturday, containing every airing observed in the traffic file. Seed rule: the budget and the rating goal are the observed figures scaled by flight days over sourced days. They are the seed's, not a signed insertion order."
campaign,CMP_D037,,2025-04 - נטוויז'ן - סלקום — לוחמים לא משלמים,סלקום,AGY_07,active,2025-04-27,2025-05-03,,,,,,,2026-08-02T03:54:47+00:00,,demo_seed,רשת 13,,,237900.00,,305.00,all_viewers,,,,true,"Seed rule: the flight is the Israeli broadcast week, Sunday to Saturday, containing every airing observed in the traffic file. Seed rule: the budget and the rating goal are the observed figures scaled by flight days over sourced days. They are the seed's, not a signed insertion order."
flight,CMP_D037,CMP_D037_F1,2025-04 - נטוויז'ן - סלקום — לוחמים לא משלמים,,,,2025-04-27,2025-05-03,grp,305.00,,,,,2026-08-02T03:54:47+00:00,,,,,,,,,,,,,true,"Seed rule: the flight is the Israeli broadcast week, Sunday to Saturday, containing every airing observed in the traffic file. Seed rule: the budget and the rating goal are the observed figures scaled by flight days over sourced days. They are the seed's, not a signed insertion order."
campaign,CMP_D038,,2025-04 - עד 120,עד 120 מרכזי מגורים לאוכלוסיה המבוגרת,AGY_02,active,2025-04-27,2025-05-03,,,,,,,2026-08-02T03:54:47+00:00,,demo_seed,רשת 13,,,152300.00,,120.00,all_viewers,cpp,,,true,"Seed rule: the flight is the Israeli broadcast week, Sunday to Saturday, containing every airing observed in the traffic file. Seed rule: the budget and the rating goal are the observed figures scaled by flight days over sourced days. They are the seed's, not a signed insertion order."
flight,CMP_D038,CMP_D038_F1,2025-04 - עד 120,,,,2025-04-27,2025-05-03,grp,120.00,,,,,2026-08-02T03:54:47+00:00,,,,,,,,,,,,,true,"Seed rule: the flight is the Israeli broadcast week, Sunday to Saturday, containing every airing observed in the traffic file. Seed rule: the budget and the rating goal are the observed figures scaled by flight days over sourced days. They are the seed's, not a signed insertion order."
campaign,CMP_D039,,2025-04 - עוגן הלוואות חברתיות,עוגן קרן להלוואות חברתיות,AGY_04,active,2025-04-27,2025-05-03,,,,,,,2026-08-02T03:54:47+00:00,,demo_seed,רשת 13,,,6600.00,,20.00,all_viewers,flat,,,true,"Seed rule: the flight is the Israeli broadcast week, Sunday to Saturday, containing every airing observed in the traffic file. Seed rule: the budget and the rating goal are the observed figures scaled by flight days over sourced days. They are the seed's, not a signed insertion order."
flight,CMP_D039,CMP_D039_F1,2025-04 - עוגן הלוואות חברתיות,,,,2025-04-27,2025-05-03,grp,20.00,,,,,2026-08-02T03:54:47+00:00,,,,,,,,,,,,,true,"Seed rule: the flight is the Israeli broadcast week, Sunday to Saturday, containing every airing observed in the traffic file. Seed rule: the budget and the rating goal are the observed figures scaled by flight days over sourced days. They are the seed's, not a signed insertion order."
campaign,CMP_D040,,"2025-04 - עמותת מל""י - מל""י","עמותת מל""י",AGY_04,active,2025-04-27,2025-05-03,,,,,,,2026-08-02T03:54:47+00:00,,demo_seed,רשת 13,"מל""י",,37000.00,,35.00,all_viewers,cpp,,,true,"Seed rule: the flight is the Israeli broadcast week, Sunday to Saturday, containing every airing observed in the traffic file. Seed rule: the budget and the rating goal are the observed figures scaled by flight days over sourced days. They are the seed's, not a signed insertion order."
flight,CMP_D040,CMP_D040_F1,"2025-04 - עמותת מל""י - מל""י",,,,2025-04-27,2025-05-03,grp,35.00,,,,,2026-08-02T03:54:47+00:00,,,,,,,,,,,,,true,"Seed rule: the flight is the Israeli broadcast week, Sunday to Saturday, containing every airing observed in the traffic file. Seed rule: the budget and the rating goal are the observed figures scaled by flight days over sourced days. They are the seed's, not a signed insertion order."
campaign,CMP_D041,,2025-04 - פרוקטר & גמבל - אריאל,פרוקטר & גמבל,AGY_06,active,2025-04-27,2025-05-03,,,,,,,2026-08-02T03:54:47+00:00,,demo_seed,רשת 13,אריאל,,114700.00,,65.00,all_viewers,cpp,,,true,"Seed rule: the flight is the Israeli broadcast week, Sunday to Saturday, containing every airing observed in the traffic file. Seed rule: the budget and the rating goal are the observed figures scaled by flight days over sourced days. They are the seed's, not a signed insertion order."
flight,CMP_D041,CMP_D041_F1,2025-04 - פרוקטר & גמבל - אריאל,,,,2025-04-27,2025-05-03,grp,65.00,,,,,2026-08-02T03:54:47+00:00,,,,,,,,,,,,,true,"Seed rule: the flight is the Israeli broadcast week, Sunday to Saturday, containing every airing observed in the traffic file. Seed rule: the budget and the rating goal are the observed figures scaled by flight days over sourced days. They are the seed's, not a signed insertion order."
campaign,CMP_D042,,2025-04 - פריסבי — דאצ׳יה דאסטר היברידי,פריסבי,AGY_01,active,2025-04-27,2025-05-03,,,,,,,2026-08-02T03:54:47+00:00,,demo_seed,רשת 13,,,381200.00,,185.00,all_viewers,,,,true,"Seed rule: the flight is the Israeli broadcast week, Sunday to Saturday, containing every airing observed in the traffic file. Seed rule: the budget and the rating goal are the observed figures scaled by flight days over sourced days. They are the seed's, not a signed insertion order."
flight,CMP_D042,CMP_D042_F1,2025-04 - פריסבי — דאצ׳יה דאסטר היברידי,,,,2025-04-27,2025-05-03,grp,185.00,,,,,2026-08-02T03:54:47+00:00,,,,,,,,,,,,,true,"Seed rule: the flight is the Israeli broadcast week, Sunday to Saturday, containing every airing observed in the traffic file. Seed rule: the budget and the rating goal are the observed figures scaled by flight days over sourced days. They are the seed's, not a signed insertion order."
campaign,CMP_D043,,2025-04 - צ'מפיון מוטורס - BYD,צ'מפיון מוטורס,AGY_02,active,2025-04-27,2025-05-03,,,,,,,2026-08-02T03:54:47+00:00,,demo_seed,רשת 13,BYD,,76500.00,,65.00,all_viewers,cpp,,,true,"Seed rule: the flight is the Israeli broadcast week, Sunday to Saturday, containing every airing observed in the traffic file. Seed rule: the budget and the rating goal are the observed figures scaled by flight days over sourced days. They are the seed's, not a signed insertion order."
flight,CMP_D043,CMP_D043_F1,2025-04 - צ'מפיון מוטורס - BYD,,,,2025-04-27,2025-05-03,grp,65.00,,,,,2026-08-02T03:54:47+00:00,,,,,,,,,,,,,true,"Seed rule: the flight is the Israeli broadcast week, Sunday to Saturday, containing every airing observed in the traffic file. Seed rule: the budget and the rating goal are the observed figures scaled by flight days over sourced days. They are the seed's, not a signed insertion order."
campaign,CMP_D044,,2025-04 - קבוצת פומו - קפרי,קבוצת פומו,AGY_04,active,2025-04-27,2025-05-03,,,,,,,2026-08-02T03:54:47+00:00,,demo_seed,רשת 13,קפרי,,15300.00,,40.00,all_viewers,flat,,,true,"Seed rule: the flight is the Israeli broadcast week, Sunday to Saturday, containing every airing observed in the traffic file. Seed rule: the budget and the rating goal are the observed figures scaled by flight days over sourced days. They are the seed's, not a signed insertion order."
flight,CMP_D044,CMP_D044_F1,2025-04 - קבוצת פומו - קפרי,,,,2025-04-27,2025-05-03,grp,40.00,,,,,2026-08-02T03:54:47+00:00,,,,,,,,,,,,,true,"Seed rule: the flight is the Israeli broadcast week, Sunday to Saturday, containing every airing observed in the traffic file. Seed rule: the budget and the rating goal are the observed figures scaled by flight days over sourced days. They are the seed's, not a signed insertion order."
campaign,CMP_D045,,"2025-04 - קופ""ח מאוחדת - מאוחדת — קפיטציה מאי","קופ""ח מאוחדת",AGY_06,active,2025-04-27,2025-05-03,,,,,,,2026-08-02T03:54:47+00:00,,demo_seed,רשת 13,מאוחדת,,245400.00,,140.00,all_viewers,,,,true,"Seed rule: the flight is the Israeli broadcast week, Sunday to Saturday, containing every airing observed in the traffic file. Seed rule: the budget and the rating goal are the observed figures scaled by flight days over sourced days. They are the seed's, not a signed insertion order."
flight,CMP_D045,CMP_D045_F1,"2025-04 - קופ""ח מאוחדת - מאוחדת — קפיטציה מאי",,,,2025-04-27,2025-05-03,grp,140.00,,,,,2026-08-02T03:54:47+00:00,,,,,,,,,,,,,true,"Seed rule: the flight is the Israeli broadcast week, Sunday to Saturday, containing every airing observed in the traffic file. Seed rule: the budget and the rating goal are the observed figures scaled by flight days over sourced days. They are the seed's, not a signed insertion order."
campaign,CMP_D046,,2025-04 - קליל תעשיות - קליל — חלון מקורי,קליל תעשיות,AGY_02,active,2025-04-27,2025-05-03,,,,,,,2026-08-02T03:54:47+00:00,,demo_seed,רשת 13,קליל,,115500.00,,155.00,all_viewers,,,,true,"Seed rule: the flight is the Israeli broadcast week, Sunday to Saturday, containing every airing observed in the traffic file. Seed rule: the budget and the rating goal are the observed figures scaled by flight days over sourced days. They are the seed's, not a signed insertion order."
flight,CMP_D046,CMP_D046_F1,2025-04 - קליל תעשיות - קליל — חלון מקורי,,,,2025-04-27,2025-05-03,grp,155.00,,,,,2026-08-02T03:54:47+00:00,,,,,,,,,,,,,true,"Seed rule: the flight is the Israeli broadcast week, Sunday to Saturday, containing every airing observed in the traffic file. Seed rule: the budget and the rating goal are the observed figures scaled by flight days over sourced days. They are the seed's, not a signed insertion order."
campaign,CMP_D047,,2025-04 - קרייזי ליין,קרייזי ליין,AGY_02,active,2025-04-27,2025-05-03,,,,,,,2026-08-02T03:54:47+00:00,,demo_seed,רשת 13,,,57400.00,,65.00,all_viewers,cpp,,,true,"Seed rule: the flight is the Israeli broadcast week, Sunday to Saturday, containing every airing observed in the traffic file. Seed rule: the budget and the rating goal are the observed figures scaled by flight days over sourced days. They are the seed's, not a signed insertion order."
flight,CMP_D047,CMP_D047_F1,2025-04 - קרייזי ליין,,,,2025-04-27,2025-05-03,grp,65.00,,,,,2026-08-02T03:54:47+00:00,,,,,,,,,,,,,true,"Seed rule: the flight is the Israeli broadcast week, Sunday to Saturday, containing every airing observed in the traffic file. Seed rule: the budget and the rating goal are the observed figures scaled by flight days over sourced days. They are the seed's, not a signed insertion order."
campaign,CMP_D048,,2025-04 - קרסו מוטורס - רנו — רנו קליאו החדשה,קרסו מוטורס,AGY_01,active,2025-04-27,2025-05-03,,,,,,,2026-08-02T03:54:47+00:00,,demo_seed,רשת 13,רנו,,136700.00,,205.00,all_viewers,,,,true,"Seed rule: the flight is the Israeli broadcast week, Sunday to Saturday, containing every airing observed in the traffic file. Seed rule: the budget and the rating goal are the observed figures scaled by flight days over sourced days. They are the seed's, not a signed insertion order."
flight,CMP_D048,CMP_D048_F1,2025-04 - קרסו מוטורס - רנו — רנו קליאו החדשה,,,,2025-04-27,2025-05-03,grp,205.00,,,,,2026-08-02T03:54:47+00:00,,,,,,,,,,,,,true,"Seed rule: the flight is the Israeli broadcast week, Sunday to Saturday, containing every airing observed in the traffic file. Seed rule: the budget and the rating goal are the observed figures scaled by flight days over sourced days. They are the seed's, not a signed insertion order."
campaign,CMP_D049,,2025-04 - רמי לוי שיווק השקמה - רמי לוי — קמפיין יום העצמאות,רמי לוי שיווק השקמה,AGY_02,active,2025-04-27,2025-05-03,,,,,,,2026-08-02T03:54:47+00:00,,demo_seed,רשת 13,רמי לוי,,123700.00,,110.00,all_viewers,cpp,,,true,"Seed rule: the flight is the Israeli broadcast week, Sunday to Saturday, containing every airing observed in the traffic file. Seed rule: the budget and the rating goal are the observed figures scaled by flight days over sourced days. They are the seed's, not a signed insertion order."
flight,CMP_D049,CMP_D049_F1,2025-04 - רמי לוי שיווק השקמה - רמי לוי — קמפיין יום העצמאות,,,,2025-04-27,2025-05-03,grp,110.00,,,,,2026-08-02T03:54:47+00:00,,,,,,,,,,,,,true,"Seed rule: the flight is the Israeli broadcast week, Sunday to Saturday, containing every airing observed in the traffic file. Seed rule: the budget and the rating goal are the observed figures scaled by flight days over sourced days. They are the seed's, not a signed insertion order."
campaign,CMP_D050,,2025-04 - שטראוס - דנונה פרו,שטראוס,AGY_03,active,2025-04-27,2025-05-03,,,,,,,2026-08-02T03:54:47+00:00,,demo_seed,רשת 13,דנונה פרו,,136200.00,,230.00,all_viewers,cpp,,,true,"Seed rule: the flight is the Israeli broadcast week, Sunday to Saturday, containing every airing observed in the traffic file. Seed rule: the budget and the rating goal are the observed figures scaled by flight days over sourced days. They are the seed's, not a signed insertion order."
flight,CMP_D050,CMP_D050_F1,2025-04 - שטראוס - דנונה פרו,,,,2025-04-27,2025-05-03,grp,230.00,,,,,2026-08-02T03:54:47+00:00,,,,,,,,,,,,,true,"Seed rule: the flight is the Israeli broadcast week, Sunday to Saturday, containing every airing observed in the traffic file. Seed rule: the budget and the rating goal are the observed figures scaled by flight days over sourced days. They are the seed's, not a signed insertion order."
campaign,CMP_D051,,אובלי קמפיין אוגוסט 2022,אובלי ערבויות,AGY_08,active,2025-04-27,2025-05-03,,,,,,,2026-08-02T03:54:47+00:00,,demo_seed,רשת 13,,,6600.00,,95.00,all_viewers,,,,true,"Seed rule: the flight is the Israeli broadcast week, Sunday to Saturday, containing every airing observed in the traffic file. Seed rule: the budget and the rating goal are the observed figures scaled by flight days over sourced days. They are the seed's, not a signed insertion order."
flight,CMP_D051,CMP_D051_F1,אובלי קמפיין אוגוסט 2022,,,,2025-04-27,2025-05-03,grp,95.00,,,,,2026-08-02T03:54:47+00:00,,,,,,,,,,,,,true,"Seed rule: the flight is the Israeli broadcast week, Sunday to Saturday, containing every airing observed in the traffic file. Seed rule: the budget and the rating goal are the observed figures scaled by flight days over sourced days. They are the seed's, not a signed insertion order."
